fecha,freq_hist_1,freq_10_1,freq_20_1,freq_50_1,ausencia_1,ciclo_1,last_1,last2_1,freq_hist_2,freq_10_2,freq_20_2,freq_50_2,ausencia_2,ciclo_2,last_2,last2_2,freq_hist_3,freq_10_3,freq_20_3,freq_50_3,ausencia_3,ciclo_3,last_3,last2_3,freq_hist_4,freq_10_4,freq_20_4,freq_50_4,ausencia_4,ciclo_4,last_4,last2_4,freq_hist_5,freq_10_5,freq_20_5,freq_50_5,ausencia_5,ciclo_5,last_5,last2_5,freq_hist_6,freq_10_6,freq_20_6,freq_50_6,ausencia_6,ciclo_6,last_6,last2_6,freq_hist_7,freq_10_7,freq_20_7,freq_50_7,ausencia_7,ciclo_7,last_7,last2_7,freq_hist_8,freq_10_8,freq_20_8,freq_50_8,ausencia_8,ciclo_8,last_8,last2_8,freq_hist_9,freq_10_9,freq_20_9,freq_50_9,ausencia_9,ciclo_9,last_9,last2_9,freq_hist_10,freq_10_10,freq_20_10,freq_50_10,ausencia_10,ciclo_10,last_10,last2_10,freq_hist_11,freq_10_11,freq_20_11,freq_50_11,ausencia_11,ciclo_11,last_11,last2_11,freq_hist_12,freq_10_12,freq_20_12,freq_50_12,ausencia_12,ciclo_12,last_12,last2_12,freq_hist_13,freq_10_13,freq_20_13,freq_50_13,ausencia_13,ciclo_13,last_13,last2_13,freq_hist_14,freq_10_14,freq_20_14,freq_50_14,ausencia_14,ciclo_14,last_14,last2_14,freq_hist_15,freq_10_15,freq_20_15,freq_50_15,ausencia_15,ciclo_15,last_15,last2_15,freq_hist_16,freq_10_16,freq_20_16,freq_50_16,ausencia_16,ciclo_16,last_16,last2_16,freq_hist_17,freq_10_17,freq_20_17,freq_50_17,ausencia_17,ciclo_17,last_17,last2_17,freq_hist_18,freq_10_18,freq_20_18,freq_50_18,ausencia_18,ciclo_18,last_18,last2_18,freq_hist_19,freq_10_19,freq_20_19,freq_50_19,ausencia_19,ciclo_19,last_19,last2_19,freq_hist_20,freq_10_20,freq_20_20,freq_50_20,ausencia_20,ciclo_20,last_20,last2_20,freq_hist_21,freq_10_21,freq_20_21,freq_50_21,ausencia_21,ciclo_21,last_21,last2_21,freq_hist_22,freq_10_22,freq_20_22,freq_50_22,ausencia_22,ciclo_22,last_22,last2_22,freq_hist_23,freq_10_23,freq_20_23,freq_50_23,ausencia_23,ciclo_23,last_23,last2_23,freq_hist_24,freq_10_24,freq_20_24,freq_50_24,ausencia_24,ciclo_24,last_24,last2_24,freq_hist_25,freq_10_25,freq_20_25,freq_50_25,ausencia_25,ciclo_25,last_25,last2_25,freq_hist_26,freq_10_26,freq_20_26,freq_50_26,ausencia_26,ciclo_26,last_26,last2_26,freq_hist_27,freq_10_27,freq_20_27,freq_50_27,ausencia_27,ciclo_27,last_27,last2_27,freq_hist_28,freq_10_28,freq_20_28,freq_50_28,ausencia_28,ciclo_28,last_28,last2_28,freq_hist_29,freq_10_29,freq_20_29,freq_50_29,ausencia_29,ciclo_29,last_29,last2_29,freq_hist_30,freq_10_30,freq_20_30,freq_50_30,ausencia_30,ciclo_30,last_30,last2_30,freq_hist_31,freq_10_31,freq_20_31,freq_50_31,ausencia_31,ciclo_31,last_31,last2_31,freq_hist_32,freq_10_32,freq_20_32,freq_50_32,ausencia_32,ciclo_32,last_32,last2_32,freq_hist_33,freq_10_33,freq_20_33,freq_50_33,ausencia_33,ciclo_33,last_33,last2_33,freq_hist_34,freq_10_34,freq_20_34,freq_50_34,ausencia_34,ciclo_34,last_34,last2_34,freq_hist_35,freq_10_35,freq_20_35,freq_50_35,ausencia_35,ciclo_35,last_35,last2_35,freq_hist_36,freq_10_36,freq_20_36,freq_50_36,ausencia_36,ciclo_36,last_36,last2_36,freq_hist_37,freq_10_37,freq_20_37,freq_50_37,ausencia_37,ciclo_37,last_37,last2_37,freq_hist_38,freq_10_38,freq_20_38,freq_50_38,ausencia_38,ciclo_38,last_38,last2_38,freq_hist_39,freq_10_39,freq_20_39,freq_50_39,ausencia_39,ciclo_39,last_39,last2_39,freq_hist_40,freq_10_40,freq_20_40,freq_50_40,ausencia_40,ciclo_40,last_40,last2_40,freq_hist_41,freq_10_41,freq_20_41,freq_50_41,ausencia_41,ciclo_41,last_41,last2_41,freq_hist_42,freq_10_42,freq_20_42,freq_50_42,ausencia_42,ciclo_42,last_42,last2_42,freq_hist_43,freq_10_43,freq_20_43,freq_50_43,ausencia_43,ciclo_43,last_43,last2_43,freq_hist_44,freq_10_44,freq_20_44,freq_50_44,ausencia_44,ciclo_44,last_44,last2_44,freq_hist_45,freq_10_45,freq_20_45,freq_50_45,ausencia_45,ciclo_45,last_45,last2_45,freq_hist_46,freq_10_46,freq_20_46,freq_50_46,ausencia_46,ciclo_46,last_46,last2_46,freq_hist_47,freq_10_47,freq_20_47,freq_50_47,ausencia_47,ciclo_47,last_47,last2_47,freq_hist_48,freq_10_48,freq_20_48,freq_50_48,ausencia_48,ciclo_48,last_48,last2_48,suma_prev,paridad_prev,rango_prev,prev_d1_12,prev_d13_24,prev_d25_36,prev_d37_48,sorteo_num,mes,dia_mes,dia_semana_num,target_1,target_2,target_3,target_4,target_5,target_6,target_7,target_8,target_9,target_10,target_11,target_12,target_13,target_14,target_15,target_16,target_17,target_18,target_19,target_20,target_21,target_22,target_23,target_24,target_25,target_26,target_27,target_28,target_29,target_30,target_31,target_32,target_33,target_34,target_35,target_36,target_37,target_38,target_39,target_40,target_41,target_42,target_43,target_44,target_45,target_46,target_47,target_48
2025-07-30,0.16666666666666666,0.3,0.2,0.16666666666666666,1.0,5.5,0.0,1.0,0.06666666666666667,0.0,0.1,0.06666666666666667,17.0,1.0,0.0,0.0,0.06666666666666667,0.2,0.1,0.06666666666666667,3.0,4.0,0.0,0.0,0.26666666666666666,0.1,0.2,0.26666666666666666,8.0,2.857142857142857,0.0,0.0,0.1,0.1,0.1,0.1,8.0,9.0,0.0,0.0,0.06666666666666667,0.0,0.05,0.06666666666666667,13.0,13.0,0.0,0.0,0.16666666666666666,0.2,0.15,0.16666666666666666,0.0,7.0,1.0,1.0,0.13333333333333333,0.0,0.1,0.13333333333333333,14.0,4.666666666666667,0.0,0.0,0.0,0.0,0.0,0.0,30.0,30.0,0.0,0.0,0.1,0.0,0.1,0.1,12.0,4.5,0.0,0.0,0.03333333333333333,0.0,0.0,0.03333333333333333,20.0,30.0,0.0,0.0,0.1,0.2,0.15,0.1,3.0,5.0,0.0,0.0,0.13333333333333333,0.4,0.2,0.13333333333333333,2.0,1.6666666666666667,0.0,0.0,0.06666666666666667,0.1,0.1,0.06666666666666667,1.0,13.0,0.0,1.0,0.0,0.0,0.0,0.0,30.0,30.0,0.0,0.0,0.1,0.0,0.05,0.1,17.0,6.0,0.0,0.0,0.16666666666666666,0.0,0.25,0.16666666666666666,10.0,2.25,0.0,0.0,0.1,0.0,0.05,0.1,16.0,4.5,0.0,0.0,0.06666666666666667,0.0,0.05,0.06666666666666667,18.0,5.0,0.0,0.0,0.06666666666666667,0.2,0.1,0.06666666666666667,6.0,2.0,0.0,0.0,0.13333333333333333,0.0,0.1,0.13333333333333333,11.0,6.0,0.0,0.0,0.1,0.1,0.1,0.1,5.0,7.5,0.0,0.0,0.1,0.2,0.15,0.1,4.0,5.0,0.0,0.0,0.16666666666666666,0.2,0.2,0.16666666666666666,6.0,5.25,0.0,0.0,0.13333333333333333,0.2,0.1,0.13333333333333333,0.0,8.0,1.0,1.0,0.1,0.1,0.1,0.1,9.0,6.5,0.0,0.0,0.1,0.1,0.05,0.1,1.0,13.0,0.0,1.0,0.1,0.1,0.15,0.1,5.0,5.0,0.0,0.0,0.1,0.3,0.15,0.1,3.0,2.0,0.0,0.0,0.06666666666666667,0.2,0.1,0.06666666666666667,2.0,7.0,0.0,0.0,0.16666666666666666,0.1,0.2,0.16666666666666666,2.0,6.75,0.0,0.0,0.06666666666666667,0.1,0.1,0.06666666666666667,4.0,8.0,0.0,0.0,0.1,0.0,0.05,0.1,12.0,8.5,0.0,0.0,0.16666666666666666,0.1,0.1,0.16666666666666666,5.0,5.5,0.0,0.0,0.13333333333333333,0.1,0.15,0.13333333333333333,5.0,8.0,0.0,0.0,0.13333333333333333,0.1,0.1,0.13333333333333333,7.0,6.0,0.0,0.0,0.1,0.0,0.05,0.1,10.0,7.5,0.0,0.0,0.03333333333333333,0.0,0.05,0.03333333333333333,10.0,30.0,0.0,0.0,0.06666666666666667,0.2,0.1,0.06666666666666667,0.0,6.0,1.0,1.0,0.16666666666666666,0.3,0.25,0.16666666666666666,0.0,4.0,1.0,1.0,0.1,0.1,0.1,0.1,7.0,10.0,0.0,0.0,0.2,0.1,0.15,0.2,6.0,4.4,0.0,0.0,0.03333333333333333,0.0,0.05,0.03333333333333333,17.0,30.0,0.0,0.0,0.06666666666666667,0.0,0.0,0.06666666666666667,26.0,1.0,0.0,0.0,0.1,0.1,0.1,0.1,2.0,11.0,0.0,0.0,0.13333333333333333,0.3,0.15,0.13333333333333333,0.0,8.333333333333334,1.0,1.0,0.06666666666666667,0.0,0.0,0.06666666666666667,24.0,4.0,0.0,0.0,0.1,0.1,0.05,0.1,9.0,8.5,0.0,0.0,157.0,2.0,39.0,1.0,0.0,1.0,3.0,30.0,7.0,27.0,6.0,0,0,0,0,0,0,0,0,0,0,0,0,0,1,0,1,0,0,0,0,0,0,0,1,0,0,0,0,0,0,0,0,1,0,0,1,0,0,0,0,0,0,0,0,0,0,0,0
2025-08-03,0.16129032258064516,0.2,0.2,0.16129032258064516,2.0,5.5,0.0,0.0,0.06451612903225806,0.0,0.1,0.06451612903225806,18.0,1.0,0.0,0.0,0.06451612903225806,0.2,0.1,0.06451612903225806,4.0,4.0,0.0,0.0,0.25806451612903225,0.1,0.2,0.25806451612903225,9.0,2.857142857142857,0.0,0.0,0.0967741935483871,0.1,0.1,0.0967741935483871,9.0,9.0,0.0,0.0,0.06451612903225806,0.0,0.05,0.06451612903225806,14.0,13.0,0.0,0.0,0.16129032258064516,0.2,0.15,0.16129032258064516,1.0,7.0,0.0,1.0,0.12903225806451613,0.0,0.1,0.12903225806451613,15.0,4.666666666666667,0.0,0.0,0.0,0.0,0.0,0.0,31.0,31.0,0.0,0.0,0.0967741935483871,0.0,0.05,0.0967741935483871,13.0,4.5,0.0,0.0,0.03225806451612903,0.0,0.0,0.03225806451612903,21.0,31.0,0.0,0.0,0.0967741935483871,0.2,0.15,0.0967741935483871,4.0,5.0,0.0,0.0,0.12903225806451613,0.4,0.2,0.12903225806451613,3.0,1.6666666666666667,0.0,0.0,0.0967741935483871,0.2,0.15,0.0967741935483871,0.0,7.5,1.0,1.0,0.0,0.0,0.0,0.0,31.0,31.0,0.0,0.0,0.12903225806451613,0.1,0.1,0.12903225806451613,0.0,10.0,1.0,1.0,0.16129032258064516,0.0,0.2,0.16129032258064516,11.0,2.25,0.0,0.0,0.0967741935483871,0.0,0.05,0.0967741935483871,17.0,4.5,0.0,0.0,0.06451612903225806,0.0,0.05,0.06451612903225806,19.0,5.0,0.0,0.0,0.06451612903225806,0.2,0.1,0.06451612903225806,7.0,2.0,0.0,0.0,0.12903225806451613,0.0,0.1,0.12903225806451613,12.0,6.0,0.0,0.0,0.0967741935483871,0.1,0.05,0.0967741935483871,6.0,7.5,0.0,0.0,0.0967741935483871,0.2,0.15,0.0967741935483871,5.0,5.0,0.0,0.0,0.1935483870967742,0.3,0.2,0.1935483870967742,0.0,5.6,1.0,1.0,0.12903225806451613,0.2,0.1,0.12903225806451613,1.0,8.0,0.0,1.0,0.0967741935483871,0.0,0.1,0.0967741935483871,10.0,6.5,0.0,0.0,0.0967741935483871,0.1,0.05,0.0967741935483871,2.0,13.0,0.0,0.0,0.0967741935483871,0.1,0.15,0.0967741935483871,6.0,5.0,0.0,0.0,0.0967741935483871,0.3,0.15,0.0967741935483871,4.0,2.0,0.0,0.0,0.06451612903225806,0.1,0.1,0.06451612903225806,3.0,7.0,0.0,0.0,0.16129032258064516,0.1,0.15,0.16129032258064516,3.0,6.75,0.0,0.0,0.06451612903225806,0.1,0.1,0.06451612903225806,5.0,8.0,0.0,0.0,0.12903225806451613,0.1,0.1,0.12903225806451613,0.0,10.0,1.0,1.0,0.16129032258064516,0.1,0.1,0.16129032258064516,6.0,5.5,0.0,0.0,0.12903225806451613,0.1,0.15,0.12903225806451613,6.0,8.0,0.0,0.0,0.16129032258064516,0.2,0.15,0.16129032258064516,0.0,6.5,1.0,1.0,0.0967741935483871,0.0,0.05,0.0967741935483871,11.0,7.5,0.0,0.0,0.03225806451612903,0.0,0.05,0.03225806451612903,11.0,31.0,0.0,0.0,0.06451612903225806,0.2,0.1,0.06451612903225806,1.0,6.0,0.0,1.0,0.16129032258064516,0.2,0.25,0.16129032258064516,1.0,4.0,0.0,1.0,0.0967741935483871,0.1,0.1,0.0967741935483871,8.0,10.0,0.0,0.0,0.1935483870967742,0.1,0.15,0.1935483870967742,7.0,4.4,0.0,0.0,0.03225806451612903,0.0,0.05,0.03225806451612903,18.0,31.0,0.0,0.0,0.06451612903225806,0.0,0.0,0.06451612903225806,27.0,1.0,0.0,0.0,0.0967741935483871,0.1,0.1,0.0967741935483871,3.0,11.0,0.0,0.0,0.12903225806451613,0.3,0.15,0.12903225806451613,1.0,8.333333333333334,0.0,1.0,0.06451612903225806,0.0,0.0,0.06451612903225806,25.0,4.0,0.0,0.0,0.0967741935483871,0.0,0.05,0.0967741935483871,10.0,8.5,0.0,0.0,123.0,4.0,22.0,0.0,3.0,2.0,0.0,31.0,7.0,30.0,2.0,0,0,0,0,0,0,0,0,0,0,0,0,0,0,0,0,0,0,0,0,0,0,0,1,1,0,1,1,0,0,0,0,0,0,0,0,0,0,0,1,0,0,0,0,0,0,0,0
2025-08-06,0.15625,0.1,0.15,0.15625,3.0,5.5,0.0,0.0,0.0625,0.0,0.05,0.0625,19.0,1.0,0.0,0.0,0.0625,0.2,0.1,0.0625,5.0,4.0,0.0,0.0,0.25,0.0,0.15,0.25,10.0,2.857142857142857,0.0,0.0,0.09375,0.0,0.1,0.09375,10.0,9.0,0.0,0.0,0.0625,0.0,0.05,0.0625,15.0,13.0,0.0,0.0,0.15625,0.2,0.15,0.15625,2.0,7.0,0.0,0.0,0.125,0.0,0.05,0.125,16.0,4.666666666666667,0.0,0.0,0.0,0.0,0.0,0.0,32.0,32.0,0.0,0.0,0.09375,0.0,0.05,0.09375,14.0,4.5,0.0,0.0,0.03125,0.0,0.0,0.03125,22.0,32.0,0.0,0.0,0.09375,0.2,0.15,0.09375,5.0,5.0,0.0,0.0,0.125,0.4,0.2,0.125,4.0,1.6666666666666667,0.0,0.0,0.09375,0.2,0.15,0.09375,1.0,7.5,0.0,1.0,0.0,0.0,0.0,0.0,32.0,32.0,0.0,0.0,0.125,0.1,0.1,0.125,1.0,10.0,0.0,1.0,0.15625,0.0,0.2,0.15625,12.0,2.25,0.0,0.0,0.09375,0.0,0.05,0.09375,18.0,4.5,0.0,0.0,0.0625,0.0,0.0,0.0625,20.0,5.0,0.0,0.0,0.0625,0.1,0.1,0.0625,8.0,2.0,0.0,0.0,0.125,0.0,0.1,0.125,13.0,6.0,0.0,0.0,0.09375,0.1,0.05,0.09375,7.0,7.5,0.0,0.0,0.09375,0.2,0.15,0.09375,6.0,5.0,0.0,0.0,0.21875,0.3,0.25,0.21875,0.0,4.833333333333333,1.0,1.0,0.15625,0.3,0.15,0.15625,0.0,6.5,1.0,1.0,0.09375,0.0,0.1,0.09375,11.0,6.5,0.0,0.0,0.125,0.2,0.1,0.125,0.0,9.666666666666666,1.0,1.0,0.125,0.2,0.2,0.125,0.0,5.666666666666667,1.0,1.0,0.09375,0.3,0.15,0.09375,5.0,2.0,0.0,0.0,0.0625,0.1,0.1,0.0625,4.0,7.0,0.0,0.0,0.15625,0.1,0.15,0.15625,4.0,6.75,0.0,0.0,0.0625,0.1,0.1,0.0625,6.0,8.0,0.0,0.0,0.125,0.1,0.1,0.125,1.0,10.0,0.0,1.0,0.15625,0.1,0.1,0.15625,7.0,5.5,0.0,0.0,0.125,0.1,0.15,0.125,7.0,8.0,0.0,0.0,0.15625,0.2,0.15,0.15625,1.0,6.5,0.0,1.0,0.09375,0.0,0.05,0.09375,12.0,7.5,0.0,0.0,0.03125,0.0,0.05,0.03125,12.0,32.0,0.0,0.0,0.0625,0.2,0.1,0.0625,2.0,6.0,0.0,0.0,0.1875,0.3,0.3,0.1875,0.0,3.6,1.0,1.0,0.09375,0.1,0.1,0.09375,9.0,10.0,0.0,0.0,0.1875,0.1,0.15,0.1875,8.0,4.4,0.0,0.0,0.03125,0.0,0.05,0.03125,19.0,32.0,0.0,0.0,0.0625,0.0,0.0,0.0625,28.0,1.0,0.0,0.0,0.09375,0.1,0.1,0.09375,4.0,11.0,0.0,0.0,0.125,0.3,0.15,0.125,2.0,8.333333333333334,0.0,0.0,0.0625,0.0,0.0,0.0625,26.0,4.0,0.0,0.0,0.09375,0.0,0.05,0.09375,11.0,8.5,0.0,0.0,144.0,3.0,16.0,0.0,1.0,3.0,1.0,32.0,8.0,3.0,6.0,1,0,0,0,0,1,0,0,0,0,1,0,0,0,0,0,0,0,0,0,0,0,0,0,0,0,0,0,0,0,0,0,0,0,0,0,0,0,0,0,1,1,0,0,0,0,0,0
2025-08-10,0.18181818181818182,0.2,0.2,0.18181818181818182,0.0,5.2,1.0,1.0,0.06060606060606061,0.0,0.0,0.06060606060606061,20.0,1.0,0.0,0.0,0.06060606060606061,0.1,0.1,0.06060606060606061,6.0,4.0,0.0,0.0,0.24242424242424243,0.0,0.15,0.24242424242424243,11.0,2.857142857142857,0.0,0.0,0.09090909090909091,0.0,0.1,0.09090909090909091,11.0,9.0,0.0,0.0,0.09090909090909091,0.1,0.1,0.09090909090909091,0.0,14.5,1.0,1.0,0.15151515151515152,0.2,0.15,0.15151515151515152,3.0,7.0,0.0,0.0,0.12121212121212122,0.0,0.05,0.12121212121212122,17.0,4.666666666666667,0.0,0.0,0.0,0.0,0.0,0.0,33.0,33.0,0.0,0.0,0.09090909090909091,0.0,0.05,0.09090909090909091,15.0,4.5,0.0,0.0,0.06060606060606061,0.1,0.05,0.06060606060606061,0.0,23.0,1.0,1.0,0.09090909090909091,0.2,0.15,0.09090909090909091,6.0,5.0,0.0,0.0,0.12121212121212122,0.3,0.2,0.12121212121212122,5.0,1.6666666666666667,0.0,0.0,0.09090909090909091,0.2,0.15,0.09090909090909091,2.0,7.5,0.0,0.0,0.0,0.0,0.0,0.0,33.0,33.0,0.0,0.0,0.12121212121212122,0.1,0.05,0.12121212121212122,2.0,10.0,0.0,0.0,0.15151515151515152,0.0,0.15,0.15151515151515152,13.0,2.25,0.0,0.0,0.09090909090909091,0.0,0.05,0.09090909090909091,19.0,4.5,0.0,0.0,0.06060606060606061,0.0,0.0,0.06060606060606061,21.0,5.0,0.0,0.0,0.06060606060606061,0.1,0.1,0.06060606060606061,9.0,2.0,0.0,0.0,0.12121212121212122,0.0,0.1,0.12121212121212122,14.0,6.0,0.0,0.0,0.09090909090909091,0.1,0.05,0.09090909090909091,8.0,7.5,0.0,0.0,0.09090909090909091,0.2,0.15,0.09090909090909091,7.0,5.0,0.0,0.0,0.21212121212121213,0.3,0.25,0.21212121212121213,1.0,4.833333333333333,0.0,1.0,0.15151515151515152,0.3,0.15,0.15151515151515152,1.0,6.5,0.0,1.0,0.09090909090909091,0.0,0.1,0.09090909090909091,12.0,6.5,0.0,0.0,0.12121212121212122,0.2,0.1,0.12121212121212122,1.0,9.666666666666666,0.0,1.0,0.12121212121212122,0.2,0.2,0.12121212121212122,1.0,5.666666666666667,0.0,1.0,0.09090909090909091,0.2,0.15,0.09090909090909091,6.0,2.0,0.0,0.0,0.06060606060606061,0.1,0.1,0.06060606060606061,5.0,7.0,0.0,0.0,0.15151515151515152,0.1,0.15,0.15151515151515152,5.0,6.75,0.0,0.0,0.06060606060606061,0.1,0.1,0.06060606060606061,7.0,8.0,0.0,0.0,0.12121212121212122,0.1,0.1,0.12121212121212122,2.0,10.0,0.0,0.0,0.15151515151515152,0.1,0.1,0.15151515151515152,8.0,5.5,0.0,0.0,0.12121212121212122,0.1,0.15,0.12121212121212122,8.0,8.0,0.0,0.0,0.15151515151515152,0.1,0.15,0.15151515151515152,2.0,6.5,0.0,0.0,0.09090909090909091,0.0,0.05,0.09090909090909091,13.0,7.5,0.0,0.0,0.030303030303030304,0.0,0.05,0.030303030303030304,13.0,33.0,0.0,0.0,0.06060606060606061,0.2,0.1,0.06060606060606061,3.0,6.0,0.0,0.0,0.18181818181818182,0.3,0.3,0.18181818181818182,1.0,3.6,0.0,1.0,0.12121212121212122,0.1,0.15,0.12121212121212122,0.0,10.0,1.0,1.0,0.21212121212121213,0.2,0.15,0.21212121212121213,0.0,5.166666666666667,1.0,1.0,0.030303030303030304,0.0,0.0,0.030303030303030304,20.0,33.0,0.0,0.0,0.06060606060606061,0.0,0.0,0.06060606060606061,29.0,1.0,0.0,0.0,0.09090909090909091,0.1,0.1,0.09090909090909091,5.0,11.0,0.0,0.0,0.12121212121212122,0.3,0.15,0.12121212121212122,3.0,8.333333333333334,0.0,0.0,0.06060606060606061,0.0,0.0,0.06060606060606061,27.0,4.0,0.0,0.0,0.09090909090909091,0.0,0.05,0.09090909090909091,12.0,8.5,0.0,0.0,101.0,2.0,41.0,3.0,0.0,0.0,2.0,33.0,8.0,6.0,2.0,0,1,0,0,0,0,0,0,0,0,0,1,0,0,0,0,0,0,0,1,0,0,0,0,0,0,0,1,0,0,0,1,0,0,0,0,0,0,0,0,0,0,0,0,0,0,0,0
2025-08-13,0.17647058823529413,0.2,0.2,0.17647058823529413,1.0,5.2,0.0,1.0,0.08823529411764706,0.1,0.05,0.08823529411764706,0.0,11.0,1.0,1.0,0.058823529411764705,0.1,0.1,0.058823529411764705,7.0,4.0,0.0,0.0,0.23529411764705882,0.0,0.1,0.23529411764705882,12.0,2.857142857142857,0.0,0.0,0.08823529411764706,0.0,0.1,0.08823529411764706,12.0,9.0,0.0,0.0,0.08823529411764706,0.1,0.1,0.08823529411764706,1.0,14.5,0.0,1.0,0.14705882352941177,0.2,0.15,0.14705882352941177,4.0,7.0,0.0,0.0,0.11764705882352941,0.0,0.05,0.11764705882352941,18.0,4.666666666666667,0.0,0.0,0.0,0.0,0.0,0.0,34.0,34.0,0.0,0.0,0.08823529411764706,0.0,0.05,0.08823529411764706,16.0,4.5,0.0,0.0,0.058823529411764705,0.1,0.05,0.058823529411764705,1.0,23.0,0.0,1.0,0.11764705882352941,0.3,0.2,0.11764705882352941,0.0,5.666666666666667,1.0,1.0,0.11764705882352941,0.3,0.2,0.11764705882352941,6.0,1.6666666666666667,0.0,0.0,0.08823529411764706,0.2,0.15,0.08823529411764706,3.0,7.5,0.0,0.0,0.0,0.0,0.0,0.0,34.0,34.0,0.0,0.0,0.11764705882352941,0.1,0.05,0.11764705882352941,3.0,10.0,0.0,0.0,0.14705882352941177,0.0,0.15,0.14705882352941177,14.0,2.25,0.0,0.0,0.08823529411764706,0.0,0.0,0.08823529411764706,20.0,4.5,0.0,0.0,0.058823529411764705,0.0,0.0,0.058823529411764705,22.0,5.0,0.0,0.0,0.08823529411764706,0.1,0.15,0.08823529411764706,0.0,6.0,1.0,1.0,0.11764705882352941,0.0,0.1,0.11764705882352941,15.0,6.0,0.0,0.0,0.08823529411764706,0.1,0.05,0.08823529411764706,9.0,7.5,0.0,0.0,0.08823529411764706,0.1,0.15,0.08823529411764706,8.0,5.0,0.0,0.0,0.20588235294117646,0.2,0.25,0.20588235294117646,2.0,4.833333333333333,0.0,0.0,0.14705882352941177,0.3,0.15,0.14705882352941177,2.0,6.5,0.0,0.0,0.08823529411764706,0.0,0.1,0.08823529411764706,13.0,6.5,0.0,0.0,0.11764705882352941,0.2,0.1,0.11764705882352941,2.0,9.666666666666666,0.0,0.0,0.14705882352941177,0.3,0.25,0.14705882352941177,0.0,4.75,1.0,1.0,0.08823529411764706,0.2,0.15,0.08823529411764706,7.0,2.0,0.0,0.0,0.058823529411764705,0.1,0.1,0.058823529411764705,6.0,7.0,0.0,0.0,0.14705882352941177,0.1,0.15,0.14705882352941177,6.0,6.75,0.0,0.0,0.08823529411764706,0.2,0.15,0.08823529411764706,0.0,8.0,1.0,1.0,0.11764705882352941,0.1,0.1,0.11764705882352941,3.0,10.0,0.0,0.0,0.14705882352941177,0.1,0.1,0.14705882352941177,9.0,5.5,0.0,0.0,0.11764705882352941,0.1,0.1,0.11764705882352941,9.0,8.0,0.0,0.0,0.14705882352941177,0.1,0.15,0.14705882352941177,3.0,6.5,0.0,0.0,0.08823529411764706,0.0,0.05,0.08823529411764706,14.0,7.5,0.0,0.0,0.029411764705882353,0.0,0.05,0.029411764705882353,14.0,34.0,0.0,0.0,0.058823529411764705,0.1,0.1,0.058823529411764705,4.0,6.0,0.0,0.0,0.17647058823529413,0.3,0.25,0.17647058823529413,2.0,3.6,0.0,0.0,0.11764705882352941,0.1,0.15,0.11764705882352941,1.0,10.0,0.0,1.0,0.20588235294117646,0.1,0.15,0.20588235294117646,1.0,5.166666666666667,0.0,1.0,0.029411764705882353,0.0,0.0,0.029411764705882353,21.0,34.0,0.0,0.0,0.058823529411764705,0.0,0.0,0.058823529411764705,30.0,1.0,0.0,0.0,0.08823529411764706,0.1,0.05,0.08823529411764706,6.0,11.0,0.0,0.0,0.11764705882352941,0.3,0.15,0.11764705882352941,4.0,8.333333333333334,0.0,0.0,0.058823529411764705,0.0,0.0,0.058823529411764705,28.0,4.0,0.0,0.0,0.08823529411764706,0.0,0.05,0.08823529411764706,13.0,8.5,0.0,0.0,94.0,5.0,30.0,2.0,1.0,2.0,0.0,34.0,8.0,10.0,6.0,0,0,0,0,0,0,0,0,0,1,0,0,0,0,0,0,0,0,0,1,0,0,0,0,0,0,0,0,0,0,0,0,0,0,1,0,1,0,0,0,0,0,0,0,0,0,1,0
2025-08-17,0.17142857142857143,0.2,0.2,0.17142857142857143,2.0,5.2,0.0,0.0,0.08571428571428572,0.1,0.05,0.08571428571428572,1.0,11.0,0.0,1.0,0.05714285714285714,0.1,0.1,0.05714285714285714,8.0,4.0,0.0,0.0,0.22857142857142856,0.0,0.1,0.22857142857142856,13.0,2.857142857142857,0.0,0.0,0.08571428571428572,0.0,0.1,0.08571428571428572,13.0,9.0,0.0,0.0,0.08571428571428572,0.1,0.1,0.08571428571428572,2.0,14.5,0.0,0.0,0.14285714285714285,0.2,0.1,0.14285714285714285,5.0,7.0,0.0,0.0,0.11428571428571428,0.0,0.05,0.11428571428571428,19.0,4.666666666666667,0.0,0.0,0.0,0.0,0.0,0.0,35.0,35.0,0.0,0.0,0.11428571428571428,0.1,0.1,0.11428571428571428,0.0,8.666666666666666,1.0,1.0,0.05714285714285714,0.1,0.05,0.05714285714285714,2.0,23.0,0.0,0.0,0.11428571428571428,0.3,0.2,0.11428571428571428,1.0,5.666666666666667,0.0,1.0,0.11428571428571428,0.3,0.2,0.11428571428571428,7.0,1.6666666666666667,0.0,0.0,0.08571428571428572,0.2,0.15,0.08571428571428572,4.0,7.5,0.0,0.0,0.0,0.0,0.0,0.0,35.0,35.0,0.0,0.0,0.11428571428571428,0.1,0.05,0.11428571428571428,4.0,10.0,0.0,0.0,0.14285714285714285,0.0,0.15,0.14285714285714285,15.0,2.25,0.0,0.0,0.08571428571428572,0.0,0.0,0.08571428571428572,21.0,4.5,0.0,0.0,0.05714285714285714,0.0,0.0,0.05714285714285714,23.0,5.0,0.0,0.0,0.11428571428571428,0.2,0.2,0.11428571428571428,0.0,4.333333333333333,1.0,1.0,0.11428571428571428,0.0,0.05,0.11428571428571428,16.0,6.0,0.0,0.0,0.08571428571428572,0.0,0.05,0.08571428571428572,10.0,7.5,0.0,0.0,0.08571428571428572,0.1,0.15,0.08571428571428572,9.0,5.0,0.0,0.0,0.2,0.2,0.25,0.2,3.0,4.833333333333333,0.0,0.0,0.14285714285714285,0.2,0.15,0.14285714285714285,3.0,6.5,0.0,0.0,0.08571428571428572,0.0,0.1,0.08571428571428572,14.0,6.5,0.0,0.0,0.11428571428571428,0.2,0.1,0.11428571428571428,3.0,9.666666666666666,0.0,0.0,0.14285714285714285,0.2,0.2,0.14285714285714285,1.0,4.75,0.0,1.0,0.08571428571428572,0.2,0.15,0.08571428571428572,8.0,2.0,0.0,0.0,0.05714285714285714,0.1,0.1,0.05714285714285714,7.0,7.0,0.0,0.0,0.14285714285714285,0.1,0.15,0.14285714285714285,7.0,6.75,0.0,0.0,0.08571428571428572,0.2,0.15,0.08571428571428572,1.0,8.0,0.0,1.0,0.11428571428571428,0.1,0.1,0.11428571428571428,4.0,10.0,0.0,0.0,0.14285714285714285,0.0,0.1,0.14285714285714285,10.0,5.5,0.0,0.0,0.14285714285714285,0.1,0.1,0.14285714285714285,0.0,8.5,1.0,1.0,0.14285714285714285,0.1,0.15,0.14285714285714285,4.0,6.5,0.0,0.0,0.11428571428571428,0.1,0.1,0.11428571428571428,0.0,10.0,1.0,1.0,0.02857142857142857,0.0,0.05,0.02857142857142857,15.0,35.0,0.0,0.0,0.05714285714285714,0.1,0.1,0.05714285714285714,5.0,6.0,0.0,0.0,0.17142857142857143,0.3,0.2,0.17142857142857143,3.0,3.6,0.0,0.0,0.11428571428571428,0.1,0.15,0.11428571428571428,2.0,10.0,0.0,0.0,0.2,0.1,0.15,0.2,2.0,5.166666666666667,0.0,0.0,0.02857142857142857,0.0,0.0,0.02857142857142857,22.0,35.0,0.0,0.0,0.05714285714285714,0.0,0.0,0.05714285714285714,31.0,1.0,0.0,0.0,0.08571428571428572,0.1,0.05,0.08571428571428572,7.0,11.0,0.0,0.0,0.11428571428571428,0.3,0.15,0.11428571428571428,5.0,8.333333333333334,0.0,0.0,0.08571428571428572,0.1,0.05,0.08571428571428572,0.0,16.5,1.0,1.0,0.08571428571428572,0.0,0.05,0.08571428571428572,14.0,8.5,0.0,0.0,149.0,2.0,37.0,1.0,1.0,1.0,2.0,35.0,8.0,13.0,2.0,0,0,0,0,0,0,0,0,0,0,0,0,0,0,0,0,0,0,0,0,0,1,0,0,0,0,0,0,0,0,1,0,1,0,0,0,0,0,1,0,0,1,0,0,0,0,0,0
2025-08-20,0.16666666666666666,0.2,0.2,0.16666666666666666,3.0,5.2,0.0,0.0,0.08333333333333333,0.1,0.05,0.08333333333333333,2.0,11.0,0.0,0.0,0.05555555555555555,0.1,0.1,0.05555555555555555,9.0,4.0,0.0,0.0,0.2222222222222222,0.0,0.1,0.2222222222222222,14.0,2.857142857142857,0.0,0.0,0.08333333333333333,0.0,0.1,0.08333333333333333,14.0,9.0,0.0,0.0,0.08333333333333333,0.1,0.1,0.08333333333333333,3.0,14.5,0.0,0.0,0.1388888888888889,0.2,0.1,0.1388888888888889,6.0,7.0,0.0,0.0,0.1111111111111111,0.0,0.0,0.1111111111111111,20.0,4.666666666666667,0.0,0.0,0.0,0.0,0.0,0.0,36.0,36.0,0.0,0.0,0.1111111111111111,0.1,0.1,0.1111111111111111,1.0,8.666666666666666,0.0,1.0,0.05555555555555555,0.1,0.05,0.05555555555555555,3.0,23.0,0.0,0.0,0.1111111111111111,0.2,0.2,0.1111111111111111,2.0,5.666666666666667,0.0,0.0,0.1111111111111111,0.2,0.2,0.1111111111111111,8.0,1.6666666666666667,0.0,0.0,0.08333333333333333,0.2,0.1,0.08333333333333333,5.0,7.5,0.0,0.0,0.0,0.0,0.0,0.0,36.0,36.0,0.0,0.0,0.1111111111111111,0.1,0.05,0.1111111111111111,5.0,10.0,0.0,0.0,0.1388888888888889,0.0,0.1,0.1388888888888889,16.0,2.25,0.0,0.0,0.08333333333333333,0.0,0.0,0.08333333333333333,22.0,4.5,0.0,0.0,0.05555555555555555,0.0,0.0,0.05555555555555555,24.0,5.0,0.0,0.0,0.1111111111111111,0.2,0.2,0.1111111111111111,1.0,4.333333333333333,0.0,1.0,0.1111111111111111,0.0,0.05,0.1111111111111111,17.0,6.0,0.0,0.0,0.1111111111111111,0.1,0.1,0.1111111111111111,0.0,8.666666666666666,1.0,1.0,0.08333333333333333,0.0,0.1,0.08333333333333333,10.0,5.0,0.0,0.0,0.19444444444444445,0.2,0.25,0.19444444444444445,4.0,4.833333333333333,0.0,0.0,0.1388888888888889,0.2,0.15,0.1388888888888889,4.0,6.5,0.0,0.0,0.08333333333333333,0.0,0.1,0.08333333333333333,15.0,6.5,0.0,0.0,0.1111111111111111,0.2,0.1,0.1111111111111111,4.0,9.666666666666666,0.0,0.0,0.1388888888888889,0.2,0.2,0.1388888888888889,2.0,4.75,0.0,0.0,0.08333333333333333,0.1,0.15,0.08333333333333333,9.0,2.0,0.0,0.0,0.05555555555555555,0.1,0.1,0.05555555555555555,8.0,7.0,0.0,0.0,0.16666666666666666,0.2,0.2,0.16666666666666666,0.0,7.0,1.0,1.0,0.08333333333333333,0.1,0.15,0.08333333333333333,2.0,8.0,0.0,0.0,0.1388888888888889,0.2,0.15,0.1388888888888889,0.0,8.75,1.0,1.0,0.1388888888888889,0.0,0.1,0.1388888888888889,11.0,5.5,0.0,0.0,0.1388888888888889,0.1,0.1,0.1388888888888889,1.0,8.5,0.0,1.0,0.1388888888888889,0.1,0.15,0.1388888888888889,5.0,6.5,0.0,0.0,0.1111111111111111,0.1,0.1,0.1111111111111111,1.0,10.0,0.0,1.0,0.027777777777777776,0.0,0.05,0.027777777777777776,16.0,36.0,0.0,0.0,0.08333333333333333,0.2,0.15,0.08333333333333333,0.0,6.0,1.0,1.0,0.16666666666666666,0.3,0.2,0.16666666666666666,4.0,3.6,0.0,0.0,0.1111111111111111,0.1,0.1,0.1111111111111111,3.0,10.0,0.0,0.0,0.2222222222222222,0.2,0.2,0.2222222222222222,0.0,4.857142857142857,1.0,1.0,0.027777777777777776,0.0,0.0,0.027777777777777776,23.0,36.0,0.0,0.0,0.05555555555555555,0.0,0.0,0.05555555555555555,32.0,1.0,0.0,0.0,0.08333333333333333,0.1,0.05,0.08333333333333333,8.0,11.0,0.0,0.0,0.1111111111111111,0.3,0.15,0.1111111111111111,6.0,8.333333333333334,0.0,0.0,0.08333333333333333,0.1,0.05,0.08333333333333333,1.0,16.5,0.0,1.0,0.08333333333333333,0.0,0.05,0.08333333333333333,15.0,8.5,0.0,0.0,167.0,2.0,20.0,0.0,1.0,2.0,2.0,36.0,8.0,17.0,6.0,1,0,0,1,0,0,0,0,0,0,0,0,0,0,0,0,0,0,1,1,0,0,0,0,0,0,0,0,0,0,0,0,0,0,0,0,0,1,0,0,0,0,0,0,0,0,0,0
2025-08-24,0.1891891891891892,0.3,0.25,0.1891891891891892,0.0,5.0,1.0,1.0,0.08108108108108109,0.1,0.05,0.08108108108108109,3.0,11.0,0.0,0.0,0.05405405405405406,0.0,0.1,0.05405405405405406,10.0,4.0,0.0,0.0,0.24324324324324326,0.1,0.15,0.24324324324324326,0.0,4.375,1.0,1.0,0.08108108108108109,0.0,0.05,0.08108108108108109,15.0,9.0,0.0,0.0,0.08108108108108109,0.1,0.05,0.08108108108108109,4.0,14.5,0.0,0.0,0.13513513513513514,0.1,0.1,0.13513513513513514,7.0,7.0,0.0,0.0,0.10810810810810811,0.0,0.0,0.10810810810810811,21.0,4.666666666666667,0.0,0.0,0.0,0.0,0.0,0.0,37.0,37.0,0.0,0.0,0.10810810810810811,0.1,0.1,0.10810810810810811,2.0,8.666666666666666,0.0,0.0,0.05405405405405406,0.1,0.05,0.05405405405405406,4.0,23.0,0.0,0.0,0.10810810810810811,0.1,0.15,0.10810810810810811,3.0,5.666666666666667,0.0,0.0,0.10810810810810811,0.1,0.2,0.10810810810810811,9.0,1.6666666666666667,0.0,0.0,0.08108108108108109,0.2,0.1,0.08108108108108109,6.0,7.5,0.0,0.0,0.0,0.0,0.0,0.0,37.0,37.0,0.0,0.0,0.10810810810810811,0.1,0.05,0.10810810810810811,6.0,10.0,0.0,0.0,0.13513513513513514,0.0,0.1,0.13513513513513514,17.0,2.25,0.0,0.0,0.08108108108108109,0.0,0.0,0.08108108108108109,23.0,4.5,0.0,0.0,0.08108108108108109,0.1,0.05,0.08108108108108109,0.0,15.0,1.0,1.0,0.13513513513513514,0.3,0.25,0.13513513513513514,0.0,3.75,1.0,1.0,0.10810810810810811,0.0,0.05,0.10810810810810811,18.0,6.0,0.0,0.0,0.10810810810810811,0.1,0.1,0.10810810810810811,1.0,8.666666666666666,0.0,1.0,0.08108108108108109,0.0,0.1,0.08108108108108109,11.0,5.0,0.0,0.0,0.1891891891891892,0.2,0.25,0.1891891891891892,5.0,4.833333333333333,0.0,0.0,0.13513513513513514,0.2,0.15,0.13513513513513514,5.0,6.5,0.0,0.0,0.08108108108108109,0.0,0.1,0.08108108108108109,16.0,6.5,0.0,0.0,0.10810810810810811,0.2,0.1,0.10810810810810811,5.0,9.666666666666666,0.0,0.0,0.13513513513513514,0.2,0.2,0.13513513513513514,3.0,4.75,0.0,0.0,0.08108108108108109,0.0,0.15,0.08108108108108109,10.0,2.0,0.0,0.0,0.05405405405405406,0.1,0.1,0.05405405405405406,9.0,7.0,0.0,0.0,0.16216216216216217,0.2,0.2,0.16216216216216217,1.0,7.0,0.0,1.0,0.08108108108108109,0.1,0.15,0.08108108108108109,3.0,8.0,0.0,0.0,0.13513513513513514,0.2,0.15,0.13513513513513514,1.0,8.75,0.0,1.0,0.13513513513513514,0.0,0.05,0.13513513513513514,12.0,5.5,0.0,0.0,0.13513513513513514,0.1,0.1,0.13513513513513514,2.0,8.5,0.0,0.0,0.13513513513513514,0.1,0.1,0.13513513513513514,6.0,6.5,0.0,0.0,0.10810810810810811,0.1,0.1,0.10810810810810811,2.0,10.0,0.0,0.0,0.05405405405405406,0.1,0.1,0.05405405405405406,0.0,17.0,1.0,1.0,0.08108108108108109,0.2,0.15,0.08108108108108109,1.0,6.0,0.0,1.0,0.16216216216216217,0.3,0.2,0.16216216216216217,5.0,3.6,0.0,0.0,0.10810810810810811,0.1,0.1,0.10810810810810811,4.0,10.0,0.0,0.0,0.21621621621621623,0.2,0.2,0.21621621621621623,1.0,4.857142857142857,0.0,1.0,0.02702702702702703,0.0,0.0,0.02702702702702703,24.0,37.0,0.0,0.0,0.05405405405405406,0.0,0.0,0.05405405405405406,33.0,1.0,0.0,0.0,0.08108108108108109,0.1,0.05,0.08108108108108109,9.0,11.0,0.0,0.0,0.10810810810810811,0.3,0.15,0.10810810810810811,7.0,8.333333333333334,0.0,0.0,0.08108108108108109,0.1,0.05,0.08108108108108109,2.0,16.5,0.0,0.0,0.08108108108108109,0.0,0.05,0.08108108108108109,16.0,8.5,0.0,0.0,82.0,3.0,37.0,2.0,2.0,0.0,1.0,37.0,8.0,20.0,2.0,0,0,0,0,0,0,0,0,0,1,0,0,0,0,0,1,0,0,0,0,0,0,0,0,1,0,0,0,0,0,0,0,0,0,0,0,0,0,0,0,0,0,0,1,0,1,0,0
2025-08-28,0.18421052631578946,0.3,0.25,0.18421052631578946,1.0,5.0,0.0,1.0,0.07894736842105263,0.1,0.05,0.07894736842105263,4.0,11.0,0.0,0.0,0.05263157894736842,0.0,0.1,0.05263157894736842,11.0,4.0,0.0,0.0,0.23684210526315788,0.1,0.15,0.23684210526315788,1.0,4.375,0.0,1.0,0.07894736842105263,0.0,0.05,0.07894736842105263,16.0,9.0,0.0,0.0,0.07894736842105263,0.1,0.05,0.07894736842105263,5.0,14.5,0.0,0.0,0.13157894736842105,0.1,0.1,0.13157894736842105,8.0,7.0,0.0,0.0,0.10526315789473684,0.0,0.0,0.10526315789473684,22.0,4.666666666666667,0.0,0.0,0.0,0.0,0.0,0.0,38.0,38.0,0.0,0.0,0.13157894736842105,0.2,0.1,0.13157894736842105,0.0,7.25,1.0,1.0,0.05263157894736842,0.1,0.05,0.05263157894736842,5.0,23.0,0.0,0.0,0.10526315789473684,0.1,0.15,0.10526315789473684,4.0,5.666666666666667,0.0,0.0,0.10526315789473684,0.0,0.2,0.10526315789473684,10.0,1.6666666666666667,0.0,0.0,0.07894736842105263,0.2,0.1,0.07894736842105263,7.0,7.5,0.0,0.0,0.0,0.0,0.0,0.0,38.0,38.0,0.0,0.0,0.13157894736842105,0.2,0.1,0.13157894736842105,0.0,9.25,1.0,1.0,0.13157894736842105,0.0,0.1,0.13157894736842105,18.0,2.25,0.0,0.0,0.07894736842105263,0.0,0.0,0.07894736842105263,24.0,4.5,0.0,0.0,0.07894736842105263,0.1,0.05,0.07894736842105263,1.0,15.0,0.0,1.0,0.13157894736842105,0.3,0.25,0.13157894736842105,1.0,3.75,0.0,1.0,0.10526315789473684,0.0,0.05,0.10526315789473684,19.0,6.0,0.0,0.0,0.10526315789473684,0.1,0.1,0.10526315789473684,2.0,8.666666666666666,0.0,0.0,0.07894736842105263,0.0,0.1,0.07894736842105263,12.0,5.0,0.0,0.0,0.18421052631578946,0.2,0.25,0.18421052631578946,6.0,4.833333333333333,0.0,0.0,0.15789473684210525,0.3,0.2,0.15789473684210525,0.0,6.4,1.0,1.0,0.07894736842105263,0.0,0.05,0.07894736842105263,17.0,6.5,0.0,0.0,0.10526315789473684,0.2,0.1,0.10526315789473684,6.0,9.666666666666666,0.0,0.0,0.13157894736842105,0.2,0.2,0.13157894736842105,4.0,4.75,0.0,0.0,0.07894736842105263,0.0,0.15,0.07894736842105263,11.0,2.0,0.0,0.0,0.05263157894736842,0.0,0.1,0.05263157894736842,10.0,7.0,0.0,0.0,0.15789473684210525,0.1,0.2,0.15789473684210525,2.0,7.0,0.0,0.0,0.07894736842105263,0.1,0.1,0.07894736842105263,4.0,8.0,0.0,0.0,0.13157894736842105,0.2,0.1,0.13157894736842105,2.0,8.75,0.0,0.0,0.13157894736842105,0.0,0.05,0.13157894736842105,13.0,5.5,0.0,0.0,0.13157894736842105,0.1,0.1,0.13157894736842105,3.0,8.5,0.0,0.0,0.13157894736842105,0.1,0.1,0.13157894736842105,7.0,6.5,0.0,0.0,0.10526315789473684,0.1,0.1,0.10526315789473684,3.0,10.0,0.0,0.0,0.05263157894736842,0.1,0.1,0.05263157894736842,1.0,17.0,0.0,1.0,0.07894736842105263,0.2,0.15,0.07894736842105263,2.0,6.0,0.0,0.0,0.15789473684210525,0.3,0.2,0.15789473684210525,6.0,3.6,0.0,0.0,0.10526315789473684,0.1,0.1,0.10526315789473684,5.0,10.0,0.0,0.0,0.21052631578947367,0.2,0.15,0.21052631578947367,2.0,4.857142857142857,0.0,0.0,0.02631578947368421,0.0,0.0,0.02631578947368421,25.0,38.0,0.0,0.0,0.07894736842105263,0.1,0.05,0.07894736842105263,0.0,17.5,1.0,1.0,0.07894736842105263,0.0,0.05,0.07894736842105263,10.0,11.0,0.0,0.0,0.13157894736842105,0.3,0.2,0.13157894736842105,0.0,8.25,1.0,1.0,0.07894736842105263,0.1,0.05,0.07894736842105263,3.0,16.5,0.0,0.0,0.07894736842105263,0.0,0.05,0.07894736842105263,17.0,8.5,0.0,0.0,141.0,4.0,36.0,1.0,1.0,1.0,2.0,38.0,8.0,24.0,6.0,0,0,0,0,0,1,0,0,0,0,0,0,0,0,0,0,0,0,0,0,0,1,0,0,0,0,1,0,0,0,0,0,1,0,0,0,0,0,0,0,0,0,0,0,0,0,1,0
2025-08-31,0.1794871794871795,0.2,0.25,0.1794871794871795,2.0,5.0,0.0,0.0,0.07692307692307693,0.1,0.05,0.07692307692307693,5.0,11.0,0.0,0.0,0.05128205128205128,0.0,0.1,0.05128205128205128,12.0,4.0,0.0,0.0,0.23076923076923078,0.1,0.1,0.23076923076923078,2.0,4.375,0.0,0.0,0.07692307692307693,0.0,0.05,0.07692307692307693,17.0,9.0,0.0,0.0,0.10256410256410256,0.2,0.1,0.10256410256410256,0.0,11.666666666666666,1.0,1.0,0.1282051282051282,0.1,0.1,0.1282051282051282,9.0,7.0,0.0,0.0,0.10256410256410256,0.0,0.0,0.10256410256410256,23.0,4.666666666666667,0.0,0.0,0.0,0.0,0.0,0.0,39.0,39.0,0.0,0.0,0.1282051282051282,0.2,0.1,0.1282051282051282,1.0,7.25,0.0,1.0,0.05128205128205128,0.1,0.05,0.05128205128205128,6.0,23.0,0.0,0.0,0.10256410256410256,0.1,0.15,0.10256410256410256,5.0,5.666666666666667,0.0,0.0,0.10256410256410256,0.0,0.2,0.10256410256410256,11.0,1.6666666666666667,0.0,0.0,0.07692307692307693,0.1,0.1,0.07692307692307693,8.0,7.5,0.0,0.0,0.0,0.0,0.0,0.0,39.0,39.0,0.0,0.0,0.1282051282051282,0.2,0.1,0.1282051282051282,1.0,9.25,0.0,1.0,0.1282051282051282,0.0,0.05,0.1282051282051282,19.0,2.25,0.0,0.0,0.07692307692307693,0.0,0.0,0.07692307692307693,25.0,4.5,0.0,0.0,0.07692307692307693,0.1,0.05,0.07692307692307693,2.0,15.0,0.0,0.0,0.1282051282051282,0.3,0.25,0.1282051282051282,2.0,3.75,0.0,0.0,0.10256410256410256,0.0,0.0,0.10256410256410256,20.0,6.0,0.0,0.0,0.1282051282051282,0.2,0.15,0.1282051282051282,0.0,7.25,1.0,1.0,0.07692307692307693,0.0,0.1,0.07692307692307693,13.0,5.0,0.0,0.0,0.1794871794871795,0.2,0.25,0.1794871794871795,7.0,4.833333333333333,0.0,0.0,0.15384615384615385,0.3,0.2,0.15384615384615385,1.0,6.4,0.0,1.0,0.07692307692307693,0.0,0.05,0.07692307692307693,18.0,6.5,0.0,0.0,0.1282051282051282,0.2,0.15,0.1282051282051282,0.0,9.0,1.0,1.0,0.1282051282051282,0.2,0.15,0.1282051282051282,5.0,4.75,0.0,0.0,0.07692307692307693,0.0,0.15,0.07692307692307693,12.0,2.0,0.0,0.0,0.05128205128205128,0.0,0.1,0.05128205128205128,11.0,7.0,0.0,0.0,0.15384615384615385,0.1,0.15,0.15384615384615385,3.0,7.0,0.0,0.0,0.07692307692307693,0.1,0.1,0.07692307692307693,5.0,8.0,0.0,0.0,0.15384615384615385,0.3,0.15,0.15384615384615385,0.0,7.6,1.0,1.0,0.1282051282051282,0.0,0.05,0.1282051282051282,14.0,5.5,0.0,0.0,0.1282051282051282,0.1,0.1,0.1282051282051282,4.0,8.5,0.0,0.0,0.1282051282051282,0.1,0.1,0.1282051282051282,8.0,6.5,0.0,0.0,0.10256410256410256,0.1,0.1,0.10256410256410256,4.0,10.0,0.0,0.0,0.05128205128205128,0.1,0.1,0.05128205128205128,2.0,17.0,0.0,0.0,0.07692307692307693,0.2,0.15,0.07692307692307693,3.0,6.0,0.0,0.0,0.15384615384615385,0.2,0.2,0.15384615384615385,7.0,3.6,0.0,0.0,0.10256410256410256,0.1,0.1,0.10256410256410256,6.0,10.0,0.0,0.0,0.20512820512820512,0.2,0.15,0.20512820512820512,3.0,4.857142857142857,0.0,0.0,0.02564102564102564,0.0,0.0,0.02564102564102564,26.0,39.0,0.0,0.0,0.07692307692307693,0.1,0.05,0.07692307692307693,1.0,17.5,0.0,1.0,0.07692307692307693,0.0,0.05,0.07692307692307693,11.0,11.0,0.0,0.0,0.1282051282051282,0.2,0.2,0.1282051282051282,1.0,8.25,0.0,1.0,0.10256410256410256,0.2,0.1,0.10256410256410256,0.0,12.333333333333334,1.0,1.0,0.07692307692307693,0.0,0.05,0.07692307692307693,18.0,8.5,0.0,0.0,135.0,2.0,41.0,1.0,1.0,2.0,1.0,39.0,8.0,28.0,3.0,1,0,0,0,0,0,0,0,0,0,0,0,0,0,0,0,0,0,0,1,0,1,0,0,0,0,0,0,0,0,0,0,1,0,0,1,0,0,0,0,0,0,0,0,0,0,0,0
2025-09-03,0.2,0.3,0.3,0.2,0.0,4.714285714285714,1.0,1.0,0.075,0.1,0.05,0.075,6.0,11.0,0.0,0.0,0.05,0.0,0.1,0.05,13.0,4.0,0.0,0.0,0.225,0.1,0.1,0.225,3.0,4.375,0.0,0.0,0.075,0.0,0.05,0.075,18.0,9.0,0.0,0.0,0.1,0.2,0.1,0.1,1.0,11.666666666666666,0.0,1.0,0.125,0.0,0.1,0.125,10.0,7.0,0.0,0.0,0.1,0.0,0.0,0.1,24.0,4.666666666666667,0.0,0.0,0.0,0.0,0.0,0.0,40.0,40.0,0.0,0.0,0.125,0.2,0.1,0.125,2.0,7.25,0.0,0.0,0.05,0.1,0.05,0.05,7.0,23.0,0.0,0.0,0.1,0.1,0.15,0.1,6.0,5.666666666666667,0.0,0.0,0.1,0.0,0.2,0.1,12.0,1.6666666666666667,0.0,0.0,0.075,0.1,0.1,0.075,9.0,7.5,0.0,0.0,0.0,0.0,0.0,0.0,40.0,40.0,0.0,0.0,0.125,0.2,0.1,0.125,2.0,9.25,0.0,0.0,0.125,0.0,0.0,0.125,20.0,2.25,0.0,0.0,0.075,0.0,0.0,0.075,26.0,4.5,0.0,0.0,0.075,0.1,0.05,0.075,3.0,15.0,0.0,0.0,0.15,0.4,0.3,0.15,0.0,3.6,1.0,1.0,0.1,0.0,0.0,0.1,21.0,6.0,0.0,0.0,0.15,0.3,0.2,0.15,0.0,6.0,1.0,1.0,0.075,0.0,0.1,0.075,14.0,5.0,0.0,0.0,0.175,0.2,0.2,0.175,8.0,4.833333333333333,0.0,0.0,0.15,0.2,0.2,0.15,2.0,6.4,0.0,0.0,0.075,0.0,0.05,0.075,19.0,6.5,0.0,0.0,0.125,0.2,0.15,0.125,1.0,9.0,0.0,1.0,0.125,0.2,0.15,0.125,6.0,4.75,0.0,0.0,0.075,0.0,0.15,0.075,13.0,2.0,0.0,0.0,0.05,0.0,0.1,0.05,12.0,7.0,0.0,0.0,0.15,0.1,0.1,0.15,4.0,7.0,0.0,0.0,0.075,0.1,0.1,0.075,6.0,8.0,0.0,0.0,0.175,0.4,0.2,0.175,0.0,6.5,1.0,1.0,0.125,0.0,0.05,0.125,15.0,5.5,0.0,0.0,0.125,0.1,0.1,0.125,5.0,8.5,0.0,0.0,0.15,0.2,0.15,0.15,0.0,7.0,1.0,1.0,0.1,0.1,0.05,0.1,5.0,10.0,0.0,0.0,0.05,0.1,0.05,0.05,3.0,17.0,0.0,0.0,0.075,0.1,0.15,0.075,4.0,6.0,0.0,0.0,0.15,0.1,0.2,0.15,8.0,3.6,0.0,0.0,0.1,0.1,0.1,0.1,7.0,10.0,0.0,0.0,0.2,0.2,0.15,0.2,4.0,4.857142857142857,0.0,0.0,0.025,0.0,0.0,0.025,27.0,40.0,0.0,0.0,0.075,0.1,0.05,0.075,2.0,17.5,0.0,0.0,0.075,0.0,0.05,0.075,12.0,11.0,0.0,0.0,0.125,0.1,0.2,0.125,2.0,8.25,0.0,0.0,0.1,0.2,0.1,0.1,1.0,12.333333333333334,0.0,1.0,0.075,0.0,0.05,0.075,19.0,8.5,0.0,0.0,112.0,3.0,35.0,1.0,2.0,2.0,0.0,40.0,8.0,31.0,6.0,0,0,1,0,0,0,0,0,0,0,0,0,0,1,0,0,0,0,0,0,0,0,0,0,0,0,0,0,1,0,1,0,0,0,0,0,0,0,0,0,0,0,0,0,0,0,1,0
2025-09-07,0.1951219512195122,0.3,0.25,0.1951219512195122,1.0,4.714285714285714,0.0,1.0,0.07317073170731707,0.1,0.05,0.07317073170731707,7.0,11.0,0.0,0.0,0.07317073170731707,0.1,0.15,0.07317073170731707,0.0,9.0,1.0,1.0,0.21951219512195122,0.1,0.1,0.21951219512195122,4.0,4.375,0.0,0.0,0.07317073170731707,0.0,0.05,0.07317073170731707,19.0,9.0,0.0,0.0,0.0975609756097561,0.2,0.1,0.0975609756097561,2.0,11.666666666666666,0.0,0.0,0.12195121951219512,0.0,0.1,0.12195121951219512,11.0,7.0,0.0,0.0,0.0975609756097561,0.0,0.0,0.0975609756097561,25.0,4.666666666666667,0.0,0.0,0.0,0.0,0.0,0.0,41.0,41.0,0.0,0.0,0.12195121951219512,0.2,0.1,0.12195121951219512,3.0,7.25,0.0,0.0,0.04878048780487805,0.1,0.05,0.04878048780487805,8.0,23.0,0.0,0.0,0.0975609756097561,0.1,0.15,0.0975609756097561,7.0,5.666666666666667,0.0,0.0,0.0975609756097561,0.0,0.2,0.0975609756097561,13.0,1.6666666666666667,0.0,0.0,0.0975609756097561,0.1,0.15,0.0975609756097561,0.0,8.333333333333334,1.0,1.0,0.0,0.0,0.0,0.0,41.0,41.0,0.0,0.0,0.12195121951219512,0.1,0.1,0.12195121951219512,3.0,9.25,0.0,0.0,0.12195121951219512,0.0,0.0,0.12195121951219512,21.0,2.25,0.0,0.0,0.07317073170731707,0.0,0.0,0.07317073170731707,27.0,4.5,0.0,0.0,0.07317073170731707,0.1,0.05,0.07317073170731707,4.0,15.0,0.0,0.0,0.14634146341463414,0.4,0.3,0.14634146341463414,1.0,3.6,0.0,1.0,0.0975609756097561,0.0,0.0,0.0975609756097561,22.0,6.0,0.0,0.0,0.14634146341463414,0.3,0.2,0.14634146341463414,1.0,6.0,0.0,1.0,0.07317073170731707,0.0,0.1,0.07317073170731707,15.0,5.0,0.0,0.0,0.17073170731707318,0.1,0.2,0.17073170731707318,9.0,4.833333333333333,0.0,0.0,0.14634146341463414,0.2,0.2,0.14634146341463414,3.0,6.4,0.0,0.0,0.07317073170731707,0.0,0.0,0.07317073170731707,20.0,6.5,0.0,0.0,0.12195121951219512,0.2,0.15,0.12195121951219512,2.0,9.0,0.0,0.0,0.12195121951219512,0.2,0.15,0.12195121951219512,7.0,4.75,0.0,0.0,0.0975609756097561,0.1,0.2,0.0975609756097561,0.0,6.0,1.0,1.0,0.04878048780487805,0.0,0.05,0.04878048780487805,13.0,7.0,0.0,0.0,0.17073170731707318,0.2,0.15,0.17073170731707318,0.0,6.666666666666667,1.0,1.0,0.07317073170731707,0.1,0.1,0.07317073170731707,7.0,8.0,0.0,0.0,0.17073170731707318,0.3,0.2,0.17073170731707318,1.0,6.5,0.0,1.0,0.12195121951219512,0.0,0.05,0.12195121951219512,16.0,5.5,0.0,0.0,0.12195121951219512,0.1,0.1,0.12195121951219512,6.0,8.5,0.0,0.0,0.14634146341463414,0.1,0.15,0.14634146341463414,1.0,7.0,0.0,1.0,0.0975609756097561,0.1,0.05,0.0975609756097561,6.0,10.0,0.0,0.0,0.04878048780487805,0.1,0.05,0.04878048780487805,4.0,17.0,0.0,0.0,0.07317073170731707,0.1,0.15,0.07317073170731707,5.0,6.0,0.0,0.0,0.14634146341463414,0.1,0.15,0.14634146341463414,9.0,3.6,0.0,0.0,0.0975609756097561,0.1,0.1,0.0975609756097561,8.0,10.0,0.0,0.0,0.1951219512195122,0.2,0.15,0.1951219512195122,5.0,4.857142857142857,0.0,0.0,0.024390243902439025,0.0,0.0,0.024390243902439025,28.0,41.0,0.0,0.0,0.07317073170731707,0.1,0.05,0.07317073170731707,3.0,17.5,0.0,0.0,0.07317073170731707,0.0,0.05,0.07317073170731707,13.0,11.0,0.0,0.0,0.12195121951219512,0.1,0.2,0.12195121951219512,3.0,8.25,0.0,0.0,0.12195121951219512,0.3,0.15,0.12195121951219512,0.0,9.75,1.0,1.0,0.07317073170731707,0.0,0.0,0.07317073170731707,20.0,8.5,0.0,0.0,124.0,1.0,44.0,1.0,1.0,2.0,1.0,41.0,9.0,3.0,2.0,0,1,0,0,0,0,1,0,0,0,0,0,0,0,0,0,0,0,0,0,0,0,1,0,0,0,0,0,0,0,0,0,0,0,0,1,0,0,0,0,0,0,0,0,0,0,0,1
2025-09-10,0.19047619047619047,0.3,0.2,0.19047619047619047,2.0,4.714285714285714,0.0,0.0,0.09523809523809523,0.2,0.1,0.09523809523809523,0.0,10.0,1.0,1.0,0.07142857142857142,0.1,0.15,0.07142857142857142,1.0,9.0,0.0,1.0,0.21428571428571427,0.1,0.05,0.21428571428571427,5.0,4.375,0.0,0.0,0.07142857142857142,0.0,0.0,0.07142857142857142,20.0,9.0,0.0,0.0,0.09523809523809523,0.2,0.1,0.09523809523809523,3.0,11.666666666666666,0.0,0.0,0.14285714285714285,0.1,0.15,0.14285714285714285,0.0,8.0,1.0,1.0,0.09523809523809523,0.0,0.0,0.09523809523809523,26.0,4.666666666666667,0.0,0.0,0.0,0.0,0.0,0.0,42.0,42.0,0.0,0.0,0.11904761904761904,0.2,0.1,0.11904761904761904,4.0,7.25,0.0,0.0,0.047619047619047616,0.1,0.05,0.047619047619047616,9.0,23.0,0.0,0.0,0.09523809523809523,0.1,0.15,0.09523809523809523,8.0,5.666666666666667,0.0,0.0,0.09523809523809523,0.0,0.2,0.09523809523809523,14.0,1.6666666666666667,0.0,0.0,0.09523809523809523,0.1,0.15,0.09523809523809523,1.0,8.333333333333334,0.0,1.0,0.0,0.0,0.0,0.0,42.0,42.0,0.0,0.0,0.11904761904761904,0.1,0.1,0.11904761904761904,4.0,9.25,0.0,0.0,0.11904761904761904,0.0,0.0,0.11904761904761904,22.0,2.25,0.0,0.0,0.07142857142857142,0.0,0.0,0.07142857142857142,28.0,4.5,0.0,0.0,0.07142857142857142,0.1,0.05,0.07142857142857142,5.0,15.0,0.0,0.0,0.14285714285714285,0.4,0.25,0.14285714285714285,2.0,3.6,0.0,0.0,0.09523809523809523,0.0,0.0,0.09523809523809523,23.0,6.0,0.0,0.0,0.14285714285714285,0.3,0.2,0.14285714285714285,2.0,6.0,0.0,0.0,0.09523809523809523,0.1,0.15,0.09523809523809523,0.0,8.666666666666666,1.0,1.0,0.16666666666666666,0.0,0.15,0.16666666666666666,10.0,4.833333333333333,0.0,0.0,0.14285714285714285,0.1,0.2,0.14285714285714285,4.0,6.4,0.0,0.0,0.07142857142857142,0.0,0.0,0.07142857142857142,21.0,6.5,0.0,0.0,0.11904761904761904,0.1,0.15,0.11904761904761904,3.0,9.0,0.0,0.0,0.11904761904761904,0.1,0.15,0.11904761904761904,8.0,4.75,0.0,0.0,0.09523809523809523,0.1,0.2,0.09523809523809523,1.0,6.0,0.0,1.0,0.047619047619047616,0.0,0.05,0.047619047619047616,14.0,7.0,0.0,0.0,0.16666666666666666,0.2,0.15,0.16666666666666666,1.0,6.666666666666667,0.0,1.0,0.07142857142857142,0.1,0.1,0.07142857142857142,8.0,8.0,0.0,0.0,0.16666666666666666,0.3,0.2,0.16666666666666666,2.0,6.5,0.0,0.0,0.11904761904761904,0.0,0.05,0.11904761904761904,17.0,5.5,0.0,0.0,0.11904761904761904,0.1,0.1,0.11904761904761904,7.0,8.5,0.0,0.0,0.16666666666666666,0.2,0.2,0.16666666666666666,0.0,6.166666666666667,1.0,1.0,0.09523809523809523,0.1,0.05,0.09523809523809523,7.0,10.0,0.0,0.0,0.047619047619047616,0.1,0.05,0.047619047619047616,5.0,17.0,0.0,0.0,0.07142857142857142,0.1,0.15,0.07142857142857142,6.0,6.0,0.0,0.0,0.14285714285714285,0.0,0.15,0.14285714285714285,10.0,3.6,0.0,0.0,0.09523809523809523,0.1,0.1,0.09523809523809523,9.0,10.0,0.0,0.0,0.19047619047619047,0.2,0.15,0.19047619047619047,6.0,4.857142857142857,0.0,0.0,0.023809523809523808,0.0,0.0,0.023809523809523808,29.0,42.0,0.0,0.0,0.07142857142857142,0.1,0.05,0.07142857142857142,4.0,17.5,0.0,0.0,0.07142857142857142,0.0,0.05,0.07142857142857142,14.0,11.0,0.0,0.0,0.11904761904761904,0.1,0.2,0.11904761904761904,4.0,8.25,0.0,0.0,0.11904761904761904,0.3,0.15,0.11904761904761904,1.0,9.75,0.0,1.0,0.09523809523809523,0.1,0.05,0.09523809523809523,0.0,12.666666666666666,1.0,1.0,116.0,3.0,46.0,2.0,1.0,1.0,1.0,42.0,9.0,7.0,6.0,0,0,0,0,0,0,0,1,0,0,0,0,0,0,0,0,0,1,0,0,0,0,0,1,0,1,0,0,0,0,0,0,0,0,0,0,0,0,0,0,0,1,0,0,0,0,0,0
2025-09-14,0.18604651162790697,0.2,0.2,0.18604651162790697,3.0,4.714285714285714,0.0,0.0,0.09302325581395349,0.2,0.1,0.09302325581395349,1.0,10.0,0.0,1.0,0.06976744186046512,0.1,0.1,0.06976744186046512,2.0,9.0,0.0,0.0,0.20930232558139536,0.1,0.05,0.20930232558139536,6.0,4.375,0.0,0.0,0.06976744186046512,0.0,0.0,0.06976744186046512,21.0,9.0,0.0,0.0,0.09302325581395349,0.1,0.1,0.09302325581395349,4.0,11.666666666666666,0.0,0.0,0.13953488372093023,0.1,0.15,0.13953488372093023,1.0,8.0,0.0,1.0,0.11627906976744186,0.1,0.05,0.11627906976744186,0.0,10.25,1.0,1.0,0.0,0.0,0.0,0.0,43.0,43.0,0.0,0.0,0.11627906976744186,0.2,0.1,0.11627906976744186,5.0,7.25,0.0,0.0,0.046511627906976744,0.0,0.05,0.046511627906976744,10.0,23.0,0.0,0.0,0.09302325581395349,0.1,0.15,0.09302325581395349,9.0,5.666666666666667,0.0,0.0,0.09302325581395349,0.0,0.15,0.09302325581395349,15.0,1.6666666666666667,0.0,0.0,0.09302325581395349,0.1,0.15,0.09302325581395349,2.0,8.333333333333334,0.0,0.0,0.0,0.0,0.0,0.0,43.0,43.0,0.0,0.0,0.11627906976744186,0.1,0.1,0.11627906976744186,5.0,9.25,0.0,0.0,0.11627906976744186,0.0,0.0,0.11627906976744186,23.0,2.25,0.0,0.0,0.09302325581395349,0.1,0.05,0.09302325581395349,0.0,12.666666666666666,1.0,1.0,0.06976744186046512,0.1,0.05,0.06976744186046512,6.0,15.0,0.0,0.0,0.13953488372093023,0.4,0.25,0.13953488372093023,3.0,3.6,0.0,0.0,0.09302325581395349,0.0,0.0,0.09302325581395349,24.0,6.0,0.0,0.0,0.13953488372093023,0.3,0.2,0.13953488372093023,3.0,6.0,0.0,0.0,0.09302325581395349,0.1,0.15,0.09302325581395349,1.0,8.666666666666666,0.0,1.0,0.18604651162790697,0.1,0.2,0.18604651162790697,0.0,5.714285714285714,1.0,1.0,0.13953488372093023,0.1,0.2,0.13953488372093023,5.0,6.4,0.0,0.0,0.09302325581395349,0.1,0.05,0.09302325581395349,0.0,11.666666666666666,1.0,1.0,0.11627906976744186,0.1,0.15,0.11627906976744186,4.0,9.0,0.0,0.0,0.11627906976744186,0.1,0.15,0.11627906976744186,9.0,4.75,0.0,0.0,0.09302325581395349,0.1,0.15,0.09302325581395349,2.0,6.0,0.0,0.0,0.046511627906976744,0.0,0.05,0.046511627906976744,15.0,7.0,0.0,0.0,0.16279069767441862,0.2,0.15,0.16279069767441862,2.0,6.666666666666667,0.0,0.0,0.06976744186046512,0.1,0.1,0.06976744186046512,9.0,8.0,0.0,0.0,0.16279069767441862,0.3,0.2,0.16279069767441862,3.0,6.5,0.0,0.0,0.11627906976744186,0.0,0.05,0.11627906976744186,18.0,5.5,0.0,0.0,0.11627906976744186,0.1,0.1,0.11627906976744186,8.0,8.5,0.0,0.0,0.16279069767441862,0.2,0.15,0.16279069767441862,1.0,6.166666666666667,0.0,1.0,0.09302325581395349,0.1,0.05,0.09302325581395349,8.0,10.0,0.0,0.0,0.046511627906976744,0.1,0.05,0.046511627906976744,6.0,17.0,0.0,0.0,0.06976744186046512,0.1,0.15,0.06976744186046512,7.0,6.0,0.0,0.0,0.13953488372093023,0.0,0.15,0.13953488372093023,11.0,3.6,0.0,0.0,0.09302325581395349,0.0,0.05,0.09302325581395349,10.0,10.0,0.0,0.0,0.20930232558139536,0.2,0.2,0.20930232558139536,0.0,5.125,1.0,1.0,0.023255813953488372,0.0,0.0,0.023255813953488372,30.0,43.0,0.0,0.0,0.06976744186046512,0.1,0.05,0.06976744186046512,5.0,17.5,0.0,0.0,0.06976744186046512,0.0,0.05,0.06976744186046512,15.0,11.0,0.0,0.0,0.11627906976744186,0.1,0.2,0.11627906976744186,5.0,8.25,0.0,0.0,0.11627906976744186,0.3,0.15,0.11627906976744186,2.0,9.75,0.0,0.0,0.09302325581395349,0.1,0.05,0.09302325581395349,1.0,12.666666666666666,0.0,1.0,118.0,5.0,34.0,1.0,2.0,1.0,1.0,43.0,9.0,10.0,2.0,0,0,1,0,1,0,0,0,0,0,0,0,0,0,0,0,0,0,0,1,0,0,0,0,0,0,0,0,0,0,0,0,1,0,0,0,1,0,0,0,0,0,0,0,0,0,0,0
2025-09-17,0.18181818181818182,0.2,0.2,0.18181818181818182,4.0,4.714285714285714,0.0,0.0,0.09090909090909091,0.1,0.1,0.09090909090909091,2.0,10.0,0.0,0.0,0.09090909090909091,0.2,0.15,0.09090909090909091,0.0,7.0,1.0,1.0,0.20454545454545456,0.1,0.05,0.20454545454545456,7.0,4.375,0.0,0.0,0.09090909090909091,0.1,0.05,0.09090909090909091,0.0,13.333333333333334,1.0,1.0,0.09090909090909091,0.1,0.1,0.09090909090909091,5.0,11.666666666666666,0.0,0.0,0.13636363636363635,0.1,0.15,0.13636363636363635,2.0,8.0,0.0,0.0,0.11363636363636363,0.1,0.05,0.11363636363636363,1.0,10.25,0.0,1.0,0.0,0.0,0.0,0.0,44.0,44.0,0.0,0.0,0.11363636363636363,0.2,0.1,0.11363636363636363,6.0,7.25,0.0,0.0,0.045454545454545456,0.0,0.05,0.045454545454545456,11.0,23.0,0.0,0.0,0.09090909090909091,0.0,0.15,0.09090909090909091,10.0,5.666666666666667,0.0,0.0,0.09090909090909091,0.0,0.15,0.09090909090909091,16.0,1.6666666666666667,0.0,0.0,0.09090909090909091,0.1,0.15,0.09090909090909091,3.0,8.333333333333334,0.0,0.0,0.0,0.0,0.0,0.0,44.0,44.0,0.0,0.0,0.11363636363636363,0.1,0.1,0.11363636363636363,6.0,9.25,0.0,0.0,0.11363636363636363,0.0,0.0,0.11363636363636363,24.0,2.25,0.0,0.0,0.09090909090909091,0.1,0.05,0.09090909090909091,1.0,12.666666666666666,0.0,1.0,0.06818181818181818,0.1,0.05,0.06818181818181818,7.0,15.0,0.0,0.0,0.1590909090909091,0.4,0.25,0.1590909090909091,0.0,3.6666666666666665,1.0,1.0,0.09090909090909091,0.0,0.0,0.09090909090909091,25.0,6.0,0.0,0.0,0.13636363636363635,0.3,0.2,0.13636363636363635,4.0,6.0,0.0,0.0,0.09090909090909091,0.1,0.1,0.09090909090909091,2.0,8.666666666666666,0.0,0.0,0.18181818181818182,0.1,0.15,0.18181818181818182,1.0,5.714285714285714,0.0,1.0,0.13636363636363635,0.1,0.2,0.13636363636363635,6.0,6.4,0.0,0.0,0.09090909090909091,0.1,0.05,0.09090909090909091,1.0,11.666666666666666,0.0,1.0,0.11363636363636363,0.1,0.15,0.11363636363636363,5.0,9.0,0.0,0.0,0.11363636363636363,0.0,0.15,0.11363636363636363,10.0,4.75,0.0,0.0,0.09090909090909091,0.1,0.15,0.09090909090909091,3.0,6.0,0.0,0.0,0.045454545454545456,0.0,0.05,0.045454545454545456,16.0,7.0,0.0,0.0,0.1590909090909091,0.2,0.15,0.1590909090909091,3.0,6.666666666666667,0.0,0.0,0.06818181818181818,0.0,0.1,0.06818181818181818,10.0,8.0,0.0,0.0,0.18181818181818182,0.4,0.25,0.18181818181818182,0.0,6.142857142857143,1.0,1.0,0.11363636363636363,0.0,0.05,0.11363636363636363,19.0,5.5,0.0,0.0,0.11363636363636363,0.1,0.1,0.11363636363636363,9.0,8.5,0.0,0.0,0.1590909090909091,0.2,0.15,0.1590909090909091,2.0,6.166666666666667,0.0,0.0,0.11363636363636363,0.2,0.1,0.11363636363636363,0.0,9.75,1.0,1.0,0.045454545454545456,0.1,0.05,0.045454545454545456,7.0,17.0,0.0,0.0,0.06818181818181818,0.1,0.1,0.06818181818181818,8.0,6.0,0.0,0.0,0.13636363636363635,0.0,0.15,0.13636363636363635,12.0,3.6,0.0,0.0,0.09090909090909091,0.0,0.05,0.09090909090909091,11.0,10.0,0.0,0.0,0.20454545454545456,0.2,0.15,0.20454545454545456,1.0,5.125,0.0,1.0,0.022727272727272728,0.0,0.0,0.022727272727272728,31.0,44.0,0.0,0.0,0.06818181818181818,0.1,0.05,0.06818181818181818,6.0,17.5,0.0,0.0,0.06818181818181818,0.0,0.05,0.06818181818181818,16.0,11.0,0.0,0.0,0.11363636363636363,0.1,0.2,0.11363636363636363,6.0,8.25,0.0,0.0,0.11363636363636363,0.3,0.15,0.11363636363636363,3.0,9.75,0.0,0.0,0.09090909090909091,0.1,0.05,0.09090909090909091,2.0,12.666666666666666,0.0,0.0,98.0,1.0,34.0,2.0,1.0,1.0,1.0,44.0,9.0,14.0,6.0,0,0,0,0,0,1,0,0,0,1,0,0,0,0,0,1,0,0,0,0,0,0,0,0,0,0,0,0,0,1,0,0,0,0,0,0,0,0,0,0,0,0,0,0,1,0,0,0
2025-09-21,0.17777777777777778,0.2,0.2,0.17777777777777778,5.0,4.714285714285714,0.0,0.0,0.08888888888888889,0.1,0.1,0.08888888888888889,3.0,10.0,0.0,0.0,0.08888888888888889,0.2,0.15,0.08888888888888889,1.0,7.0,0.0,1.0,0.2,0.1,0.05,0.2,8.0,4.375,0.0,0.0,0.08888888888888889,0.1,0.05,0.08888888888888889,1.0,13.333333333333334,0.0,1.0,0.1111111111111111,0.2,0.15,0.1111111111111111,0.0,10.25,1.0,1.0,0.13333333333333333,0.1,0.15,0.13333333333333333,3.0,8.0,0.0,0.0,0.1111111111111111,0.1,0.05,0.1111111111111111,2.0,10.25,0.0,0.0,0.0,0.0,0.0,0.0,45.0,45.0,0.0,0.0,0.13333333333333333,0.2,0.15,0.13333333333333333,0.0,7.2,1.0,1.0,0.044444444444444446,0.0,0.05,0.044444444444444446,12.0,23.0,0.0,0.0,0.08888888888888889,0.0,0.15,0.08888888888888889,11.0,5.666666666666667,0.0,0.0,0.08888888888888889,0.0,0.15,0.08888888888888889,17.0,1.6666666666666667,0.0,0.0,0.08888888888888889,0.1,0.15,0.08888888888888889,4.0,8.333333333333334,0.0,0.0,0.0,0.0,0.0,0.0,45.0,45.0,0.0,0.0,0.13333333333333333,0.2,0.15,0.13333333333333333,0.0,8.8,1.0,1.0,0.1111111111111111,0.0,0.0,0.1111111111111111,25.0,2.25,0.0,0.0,0.08888888888888889,0.1,0.05,0.08888888888888889,2.0,12.666666666666666,0.0,0.0,0.06666666666666667,0.1,0.05,0.06666666666666667,8.0,15.0,0.0,0.0,0.15555555555555556,0.3,0.25,0.15555555555555556,1.0,3.6666666666666665,0.0,1.0,0.08888888888888889,0.0,0.0,0.08888888888888889,26.0,6.0,0.0,0.0,0.13333333333333333,0.3,0.15,0.13333333333333333,5.0,6.0,0.0,0.0,0.08888888888888889,0.1,0.1,0.08888888888888889,3.0,8.666666666666666,0.0,0.0,0.17777777777777778,0.1,0.15,0.17777777777777778,2.0,5.714285714285714,0.0,0.0,0.13333333333333333,0.1,0.15,0.13333333333333333,7.0,6.4,0.0,0.0,0.08888888888888889,0.1,0.05,0.08888888888888889,2.0,11.666666666666666,0.0,0.0,0.1111111111111111,0.1,0.15,0.1111111111111111,6.0,9.0,0.0,0.0,0.1111111111111111,0.0,0.1,0.1111111111111111,11.0,4.75,0.0,0.0,0.08888888888888889,0.1,0.15,0.08888888888888889,4.0,6.0,0.0,0.0,0.06666666666666667,0.1,0.1,0.06666666666666667,0.0,12.0,1.0,1.0,0.15555555555555556,0.2,0.15,0.15555555555555556,4.0,6.666666666666667,0.0,0.0,0.06666666666666667,0.0,0.1,0.06666666666666667,11.0,8.0,0.0,0.0,0.17777777777777778,0.4,0.25,0.17777777777777778,1.0,6.142857142857143,0.0,1.0,0.1111111111111111,0.0,0.0,0.1111111111111111,20.0,5.5,0.0,0.0,0.1111111111111111,0.0,0.05,0.1111111111111111,10.0,8.5,0.0,0.0,0.15555555555555556,0.2,0.15,0.15555555555555556,3.0,6.166666666666667,0.0,0.0,0.1111111111111111,0.1,0.1,0.1111111111111111,1.0,9.75,0.0,1.0,0.044444444444444446,0.1,0.05,0.044444444444444446,8.0,17.0,0.0,0.0,0.06666666666666667,0.1,0.1,0.06666666666666667,9.0,6.0,0.0,0.0,0.13333333333333333,0.0,0.15,0.13333333333333333,13.0,3.6,0.0,0.0,0.08888888888888889,0.0,0.05,0.08888888888888889,12.0,10.0,0.0,0.0,0.2,0.2,0.15,0.2,2.0,5.125,0.0,0.0,0.022222222222222223,0.0,0.0,0.022222222222222223,32.0,45.0,0.0,0.0,0.06666666666666667,0.1,0.05,0.06666666666666667,7.0,17.5,0.0,0.0,0.08888888888888889,0.1,0.1,0.08888888888888889,0.0,13.0,1.0,1.0,0.1111111111111111,0.1,0.2,0.1111111111111111,7.0,8.25,0.0,0.0,0.1111111111111111,0.2,0.15,0.1111111111111111,4.0,9.75,0.0,0.0,0.08888888888888889,0.1,0.05,0.08888888888888889,3.0,12.666666666666666,0.0,0.0,107.0,4.0,39.0,2.0,1.0,1.0,1.0,45.0,9.0,17.0,2.0,0,0,0,0,0,0,0,1,0,0,0,0,0,0,0,0,0,0,0,0,0,0,0,0,0,0,0,0,0,0,0,1,0,0,0,0,0,0,0,0,0,0,0,0,1,0,1,1
2025-09-28,0.17391304347826086,0.2,0.2,0.17391304347826086,6.0,4.714285714285714,0.0,0.0,0.08695652173913043,0.1,0.1,0.08695652173913043,4.0,10.0,0.0,0.0,0.08695652173913043,0.2,0.15,0.08695652173913043,2.0,7.0,0.0,0.0,0.1956521739130435,0.1,0.05,0.1956521739130435,9.0,4.375,0.0,0.0,0.08695652173913043,0.1,0.05,0.08695652173913043,2.0,13.333333333333334,0.0,0.0,0.10869565217391304,0.2,0.15,0.10869565217391304,1.0,10.25,0.0,1.0,0.13043478260869565,0.1,0.15,0.13043478260869565,4.0,8.0,0.0,0.0,0.13043478260869565,0.2,0.1,0.13043478260869565,0.0,8.8,1.0,1.0,0.0,0.0,0.0,0.0,46.0,46.0,0.0,0.0,0.13043478260869565,0.2,0.15,0.13043478260869565,1.0,7.2,0.0,1.0,0.043478260869565216,0.0,0.05,0.043478260869565216,13.0,23.0,0.0,0.0,0.08695652173913043,0.0,0.1,0.08695652173913043,12.0,5.666666666666667,0.0,0.0,0.08695652173913043,0.0,0.1,0.08695652173913043,18.0,1.6666666666666667,0.0,0.0,0.08695652173913043,0.1,0.15,0.08695652173913043,5.0,8.333333333333334,0.0,0.0,0.0,0.0,0.0,0.0,46.0,46.0,0.0,0.0,0.13043478260869565,0.2,0.15,0.13043478260869565,1.0,8.8,0.0,1.0,0.10869565217391304,0.0,0.0,0.10869565217391304,26.0,2.25,0.0,0.0,0.08695652173913043,0.1,0.05,0.08695652173913043,3.0,12.666666666666666,0.0,0.0,0.06521739130434782,0.1,0.05,0.06521739130434782,9.0,15.0,0.0,0.0,0.15217391304347827,0.3,0.25,0.15217391304347827,2.0,3.6666666666666665,0.0,0.0,0.08695652173913043,0.0,0.0,0.08695652173913043,27.0,6.0,0.0,0.0,0.13043478260869565,0.2,0.15,0.13043478260869565,6.0,6.0,0.0,0.0,0.08695652173913043,0.1,0.05,0.08695652173913043,4.0,8.666666666666666,0.0,0.0,0.17391304347826086,0.1,0.15,0.17391304347826086,3.0,5.714285714285714,0.0,0.0,0.13043478260869565,0.1,0.15,0.13043478260869565,8.0,6.4,0.0,0.0,0.08695652173913043,0.1,0.05,0.08695652173913043,3.0,11.666666666666666,0.0,0.0,0.10869565217391304,0.1,0.15,0.10869565217391304,7.0,9.0,0.0,0.0,0.10869565217391304,0.0,0.1,0.10869565217391304,12.0,4.75,0.0,0.0,0.08695652173913043,0.1,0.1,0.08695652173913043,5.0,6.0,0.0,0.0,0.06521739130434782,0.1,0.1,0.06521739130434782,1.0,12.0,0.0,1.0,0.15217391304347827,0.1,0.15,0.15217391304347827,5.0,6.666666666666667,0.0,0.0,0.08695652173913043,0.1,0.1,0.08695652173913043,0.0,9.333333333333334,1.0,1.0,0.17391304347826086,0.3,0.25,0.17391304347826086,2.0,6.142857142857143,0.0,0.0,0.10869565217391304,0.0,0.0,0.10869565217391304,21.0,5.5,0.0,0.0,0.10869565217391304,0.0,0.05,0.10869565217391304,11.0,8.5,0.0,0.0,0.15217391304347827,0.2,0.15,0.15217391304347827,4.0,6.166666666666667,0.0,0.0,0.10869565217391304,0.1,0.1,0.10869565217391304,2.0,9.75,0.0,0.0,0.043478260869565216,0.1,0.05,0.043478260869565216,9.0,17.0,0.0,0.0,0.06521739130434782,0.0,0.1,0.06521739130434782,10.0,6.0,0.0,0.0,0.13043478260869565,0.0,0.15,0.13043478260869565,14.0,3.6,0.0,0.0,0.08695652173913043,0.0,0.05,0.08695652173913043,13.0,10.0,0.0,0.0,0.1956521739130435,0.1,0.15,0.1956521739130435,3.0,5.125,0.0,0.0,0.021739130434782608,0.0,0.0,0.021739130434782608,33.0,46.0,0.0,0.0,0.06521739130434782,0.1,0.05,0.06521739130434782,8.0,17.5,0.0,0.0,0.10869565217391304,0.2,0.15,0.10869565217391304,0.0,10.0,1.0,1.0,0.10869565217391304,0.1,0.2,0.10869565217391304,8.0,8.25,0.0,0.0,0.13043478260869565,0.3,0.2,0.13043478260869565,0.0,8.8,1.0,1.0,0.10869565217391304,0.2,0.1,0.10869565217391304,0.0,10.5,1.0,1.0,180.0,3.0,40.0,1.0,0.0,1.0,3.0,46.0,9.0,21.0,6.0,0,0,0,1,0,0,0,0,0,0,0,0,0,0,0,0,0,0,1,0,0,1,0,0,0,1,0,0,0,0,0,0,0,0,0,0,1,0,0,0,0,0,0,0,0,0,0,0
2025-10-01,0.1702127659574468,0.1,0.2,0.1702127659574468,7.0,4.714285714285714,0.0,0.0,0.0851063829787234,0.1,0.1,0.0851063829787234,5.0,10.0,0.0,0.0,0.0851063829787234,0.2,0.1,0.0851063829787234,3.0,7.0,0.0,0.0,0.2127659574468085,0.1,0.1,0.2127659574468085,0.0,5.0,1.0,1.0,0.0851063829787234,0.1,0.05,0.0851063829787234,3.0,13.333333333333334,0.0,0.0,0.10638297872340426,0.2,0.15,0.10638297872340426,2.0,10.25,0.0,0.0,0.1276595744680851,0.1,0.1,0.1276595744680851,5.0,8.0,0.0,0.0,0.1276595744680851,0.2,0.1,0.1276595744680851,1.0,8.8,0.0,1.0,0.0,0.0,0.0,0.0,47.0,47.0,0.0,0.0,0.1276595744680851,0.2,0.15,0.1276595744680851,2.0,7.2,0.0,0.0,0.0425531914893617,0.0,0.05,0.0425531914893617,14.0,23.0,0.0,0.0,0.0851063829787234,0.0,0.05,0.0851063829787234,13.0,5.666666666666667,0.0,0.0,0.0851063829787234,0.0,0.05,0.0851063829787234,19.0,1.6666666666666667,0.0,0.0,0.0851063829787234,0.1,0.15,0.0851063829787234,6.0,8.333333333333334,0.0,0.0,0.0,0.0,0.0,0.0,47.0,47.0,0.0,0.0,0.1276595744680851,0.2,0.15,0.1276595744680851,2.0,8.8,0.0,0.0,0.10638297872340426,0.0,0.0,0.10638297872340426,27.0,2.25,0.0,0.0,0.0851063829787234,0.1,0.05,0.0851063829787234,4.0,12.666666666666666,0.0,0.0,0.0851063829787234,0.1,0.1,0.0851063829787234,0.0,13.333333333333334,1.0,1.0,0.14893617021276595,0.2,0.25,0.14893617021276595,3.0,3.6666666666666665,0.0,0.0,0.0851063829787234,0.0,0.0,0.0851063829787234,28.0,6.0,0.0,0.0,0.14893617021276595,0.3,0.2,0.14893617021276595,0.0,6.166666666666667,1.0,1.0,0.0851063829787234,0.1,0.05,0.0851063829787234,5.0,8.666666666666666,0.0,0.0,0.1702127659574468,0.1,0.15,0.1702127659574468,4.0,5.714285714285714,0.0,0.0,0.1276595744680851,0.1,0.15,0.1276595744680851,9.0,6.4,0.0,0.0,0.10638297872340426,0.2,0.1,0.10638297872340426,0.0,9.75,1.0,1.0,0.10638297872340426,0.1,0.15,0.10638297872340426,8.0,9.0,0.0,0.0,0.10638297872340426,0.0,0.1,0.10638297872340426,13.0,4.75,0.0,0.0,0.0851063829787234,0.1,0.05,0.0851063829787234,6.0,6.0,0.0,0.0,0.06382978723404255,0.1,0.1,0.06382978723404255,2.0,12.0,0.0,0.0,0.14893617021276595,0.1,0.15,0.14893617021276595,6.0,6.666666666666667,0.0,0.0,0.0851063829787234,0.1,0.1,0.0851063829787234,1.0,9.333333333333334,0.0,1.0,0.1702127659574468,0.3,0.25,0.1702127659574468,3.0,6.142857142857143,0.0,0.0,0.10638297872340426,0.0,0.0,0.10638297872340426,22.0,5.5,0.0,0.0,0.10638297872340426,0.0,0.05,0.10638297872340426,12.0,8.5,0.0,0.0,0.14893617021276595,0.2,0.15,0.14893617021276595,5.0,6.166666666666667,0.0,0.0,0.1276595744680851,0.2,0.15,0.1276595744680851,0.0,8.4,1.0,1.0,0.0425531914893617,0.0,0.05,0.0425531914893617,10.0,17.0,0.0,0.0,0.06382978723404255,0.0,0.1,0.06382978723404255,11.0,6.0,0.0,0.0,0.1276595744680851,0.0,0.15,0.1276595744680851,15.0,3.6,0.0,0.0,0.0851063829787234,0.0,0.05,0.0851063829787234,14.0,10.0,0.0,0.0,0.19148936170212766,0.1,0.15,0.19148936170212766,4.0,5.125,0.0,0.0,0.02127659574468085,0.0,0.0,0.02127659574468085,34.0,47.0,0.0,0.0,0.06382978723404255,0.1,0.05,0.06382978723404255,9.0,17.5,0.0,0.0,0.10638297872340426,0.2,0.15,0.10638297872340426,1.0,10.0,0.0,1.0,0.10638297872340426,0.1,0.2,0.10638297872340426,9.0,8.25,0.0,0.0,0.1276595744680851,0.3,0.2,0.1276595744680851,1.0,8.8,0.0,1.0,0.10638297872340426,0.2,0.1,0.10638297872340426,1.0,10.5,0.0,1.0,108.0,3.0,33.0,1.0,2.0,1.0,1.0,47.0,9.0,28.0,6.0,0,0,0,0,0,0,0,0,0,0,1,0,0,0,0,0,0,0,0,0,0,0,0,0,1,0,0,0,1,0,0,1,0,0,0,1,0,0,0,0,0,0,0,0,0,0,0,0
2025-10-05,0.16666666666666666,0.1,0.2,0.16666666666666666,8.0,4.714285714285714,0.0,0.0,0.08333333333333333,0.1,0.1,0.08333333333333333,6.0,10.0,0.0,0.0,0.08333333333333333,0.2,0.1,0.08333333333333333,4.0,7.0,0.0,0.0,0.20833333333333334,0.1,0.1,0.20833333333333334,1.0,5.0,0.0,1.0,0.08333333333333333,0.1,0.05,0.08333333333333333,4.0,13.333333333333334,0.0,0.0,0.10416666666666667,0.2,0.15,0.10416666666666667,3.0,10.25,0.0,0.0,0.125,0.1,0.1,0.125,6.0,8.0,0.0,0.0,0.125,0.2,0.1,0.125,2.0,8.8,0.0,0.0,0.0,0.0,0.0,0.0,48.0,48.0,0.0,0.0,0.125,0.1,0.15,0.125,3.0,7.2,0.0,0.0,0.0625,0.1,0.1,0.0625,0.0,19.0,1.0,1.0,0.08333333333333333,0.0,0.05,0.08333333333333333,14.0,5.666666666666667,0.0,0.0,0.08333333333333333,0.0,0.0,0.08333333333333333,20.0,1.6666666666666667,0.0,0.0,0.08333333333333333,0.1,0.15,0.08333333333333333,7.0,8.333333333333334,0.0,0.0,0.0,0.0,0.0,0.0,48.0,48.0,0.0,0.0,0.125,0.1,0.15,0.125,3.0,8.8,0.0,0.0,0.10416666666666667,0.0,0.0,0.10416666666666667,28.0,2.25,0.0,0.0,0.08333333333333333,0.1,0.05,0.08333333333333333,5.0,12.666666666666666,0.0,0.0,0.08333333333333333,0.1,0.1,0.08333333333333333,1.0,13.333333333333334,0.0,1.0,0.14583333333333334,0.2,0.25,0.14583333333333334,4.0,3.6666666666666665,0.0,0.0,0.08333333333333333,0.0,0.0,0.08333333333333333,29.0,6.0,0.0,0.0,0.14583333333333334,0.3,0.2,0.14583333333333334,1.0,6.166666666666667,0.0,1.0,0.08333333333333333,0.1,0.05,0.08333333333333333,6.0,8.666666666666666,0.0,0.0,0.16666666666666666,0.1,0.15,0.16666666666666666,5.0,5.714285714285714,0.0,0.0,0.14583333333333334,0.1,0.2,0.14583333333333334,0.0,7.0,1.0,1.0,0.10416666666666667,0.2,0.1,0.10416666666666667,1.0,9.75,0.0,1.0,0.10416666666666667,0.1,0.15,0.10416666666666667,9.0,9.0,0.0,0.0,0.10416666666666667,0.0,0.1,0.10416666666666667,14.0,4.75,0.0,0.0,0.10416666666666667,0.2,0.1,0.10416666666666667,0.0,6.25,1.0,1.0,0.0625,0.1,0.05,0.0625,3.0,12.0,0.0,0.0,0.14583333333333334,0.1,0.1,0.14583333333333334,7.0,6.666666666666667,0.0,0.0,0.10416666666666667,0.2,0.15,0.10416666666666667,0.0,7.5,1.0,1.0,0.16666666666666666,0.3,0.25,0.16666666666666666,4.0,6.142857142857143,0.0,0.0,0.10416666666666667,0.0,0.0,0.10416666666666667,23.0,5.5,0.0,0.0,0.10416666666666667,0.0,0.05,0.10416666666666667,13.0,8.5,0.0,0.0,0.16666666666666666,0.3,0.2,0.16666666666666666,0.0,6.142857142857143,1.0,1.0,0.125,0.2,0.15,0.125,1.0,8.4,0.0,1.0,0.041666666666666664,0.0,0.05,0.041666666666666664,11.0,17.0,0.0,0.0,0.0625,0.0,0.1,0.0625,12.0,6.0,0.0,0.0,0.125,0.0,0.15,0.125,16.0,3.6,0.0,0.0,0.08333333333333333,0.0,0.05,0.08333333333333333,15.0,10.0,0.0,0.0,0.1875,0.1,0.15,0.1875,5.0,5.125,0.0,0.0,0.020833333333333332,0.0,0.0,0.020833333333333332,35.0,48.0,0.0,0.0,0.0625,0.0,0.05,0.0625,10.0,17.5,0.0,0.0,0.10416666666666667,0.2,0.1,0.10416666666666667,2.0,10.0,0.0,0.0,0.10416666666666667,0.0,0.15,0.10416666666666667,10.0,8.25,0.0,0.0,0.125,0.3,0.2,0.125,2.0,8.8,0.0,0.0,0.10416666666666667,0.2,0.1,0.10416666666666667,2.0,10.5,0.0,0.0,133.0,2.0,25.0,1.0,0.0,4.0,0.0,48.0,10.0,1.0,2.0,0,0,0,0,0,0,0,0,0,1,1,0,0,0,0,0,1,1,0,0,0,0,0,0,1,0,0,0,0,0,0,0,0,0,0,0,0,0,0,0,0,0,0,0,0,0,0,0
2025-10-08,0.16326530612244897,0.1,0.15,0.16326530612244897,9.0,4.714285714285714,0.0,0.0,0.08163265306122448,0.1,0.1,0.08163265306122448,7.0,10.0,0.0,0.0,0.08163265306122448,0.2,0.1,0.08163265306122448,5.0,7.0,0.0,0.0,0.20408163265306123,0.1,0.1,0.20408163265306123,2.0,5.0,0.0,0.0,0.08163265306122448,0.1,0.05,0.08163265306122448,5.0,13.333333333333334,0.0,0.0,0.10204081632653061,0.1,0.15,0.10204081632653061,4.0,10.25,0.0,0.0,0.12244897959183673,0.1,0.1,0.12244897959183673,7.0,8.0,0.0,0.0,0.12244897959183673,0.2,0.1,0.12244897959183673,3.0,8.8,0.0,0.0,0.0,0.0,0.0,0.0,49.0,49.0,0.0,0.0,0.14285714285714285,0.2,0.2,0.14285714285714285,0.0,6.666666666666667,1.0,1.0,0.08163265306122448,0.2,0.15,0.08163265306122448,0.0,13.0,1.0,1.0,0.08163265306122448,0.0,0.05,0.08163265306122448,15.0,5.666666666666667,0.0,0.0,0.08163265306122448,0.0,0.0,0.08163265306122448,21.0,1.6666666666666667,0.0,0.0,0.08163265306122448,0.1,0.1,0.08163265306122448,8.0,8.333333333333334,0.0,0.0,0.0,0.0,0.0,0.0,49.0,49.0,0.0,0.0,0.12244897959183673,0.1,0.15,0.12244897959183673,4.0,8.8,0.0,0.0,0.12244897959183673,0.1,0.05,0.12244897959183673,0.0,7.6,1.0,1.0,0.10204081632653061,0.2,0.1,0.10204081632653061,0.0,11.0,1.0,1.0,0.08163265306122448,0.1,0.1,0.08163265306122448,2.0,13.333333333333334,0.0,0.0,0.14285714285714285,0.2,0.25,0.14285714285714285,5.0,3.6666666666666665,0.0,0.0,0.08163265306122448,0.0,0.0,0.08163265306122448,30.0,6.0,0.0,0.0,0.14285714285714285,0.2,0.2,0.14285714285714285,2.0,6.166666666666667,0.0,0.0,0.08163265306122448,0.1,0.05,0.08163265306122448,7.0,8.666666666666666,0.0,0.0,0.16326530612244897,0.1,0.15,0.16326530612244897,6.0,5.714285714285714,0.0,0.0,0.16326530612244897,0.2,0.25,0.16326530612244897,0.0,6.142857142857143,1.0,1.0,0.10204081632653061,0.2,0.1,0.10204081632653061,2.0,9.75,0.0,0.0,0.10204081632653061,0.0,0.1,0.10204081632653061,10.0,9.0,0.0,0.0,0.10204081632653061,0.0,0.1,0.10204081632653061,15.0,4.75,0.0,0.0,0.10204081632653061,0.2,0.1,0.10204081632653061,1.0,6.25,0.0,1.0,0.061224489795918366,0.1,0.05,0.061224489795918366,4.0,12.0,0.0,0.0,0.14285714285714285,0.1,0.1,0.14285714285714285,8.0,6.666666666666667,0.0,0.0,0.10204081632653061,0.2,0.15,0.10204081632653061,1.0,7.5,0.0,1.0,0.16326530612244897,0.2,0.25,0.16326530612244897,5.0,6.142857142857143,0.0,0.0,0.10204081632653061,0.0,0.0,0.10204081632653061,24.0,5.5,0.0,0.0,0.10204081632653061,0.0,0.05,0.10204081632653061,14.0,8.5,0.0,0.0,0.16326530612244897,0.3,0.2,0.16326530612244897,1.0,6.142857142857143,0.0,1.0,0.12244897959183673,0.2,0.15,0.12244897959183673,2.0,8.4,0.0,0.0,0.04081632653061224,0.0,0.05,0.04081632653061224,12.0,17.0,0.0,0.0,0.061224489795918366,0.0,0.1,0.061224489795918366,13.0,6.0,0.0,0.0,0.12244897959183673,0.0,0.1,0.12244897959183673,17.0,3.6,0.0,0.0,0.08163265306122448,0.0,0.05,0.08163265306122448,16.0,10.0,0.0,0.0,0.1836734693877551,0.1,0.15,0.1836734693877551,6.0,5.125,0.0,0.0,0.02040816326530612,0.0,0.0,0.02040816326530612,36.0,49.0,0.0,0.0,0.061224489795918366,0.0,0.05,0.061224489795918366,11.0,17.5,0.0,0.0,0.10204081632653061,0.2,0.1,0.10204081632653061,3.0,10.0,0.0,0.0,0.10204081632653061,0.0,0.1,0.10204081632653061,11.0,8.25,0.0,0.0,0.12244897959183673,0.2,0.2,0.12244897959183673,3.0,8.8,0.0,0.0,0.10204081632653061,0.2,0.1,0.10204081632653061,3.0,10.5,0.0,0.0,81.0,2.0,15.0,2.0,2.0,1.0,0.0,49.0,10.0,5.0,6.0,0,0,1,0,0,0,0,0,0,0,1,1,0,1,1,0,0,0,0,0,0,0,0,0,0,0,0,0,0,0,0,0,0,0,0,0,0,0,0,0,0,0,0,0,0,0,0,0
2025-10-13,0.16,0.0,0.15,0.16,10.0,4.714285714285714,0.0,0.0,0.08,0.1,0.1,0.08,8.0,10.0,0.0,0.0,0.1,0.3,0.15,0.1,0.0,6.75,1.0,1.0,0.2,0.1,0.1,0.2,3.0,5.0,0.0,0.0,0.08,0.1,0.05,0.08,6.0,13.333333333333334,0.0,0.0,0.1,0.1,0.15,0.1,5.0,10.25,0.0,0.0,0.12,0.1,0.05,0.12,8.0,8.0,0.0,0.0,0.12,0.2,0.1,0.12,4.0,8.8,0.0,0.0,0.0,0.0,0.0,0.0,50.0,50.0,0.0,0.0,0.14,0.2,0.2,0.14,1.0,6.666666666666667,0.0,1.0,0.1,0.3,0.2,0.1,0.0,10.0,1.0,1.0,0.1,0.1,0.1,0.1,0.0,8.25,1.0,1.0,0.08,0.0,0.0,0.08,22.0,1.6666666666666667,0.0,0.0,0.1,0.2,0.15,0.1,0.0,8.5,1.0,1.0,0.02,0.1,0.05,0.02,0.0,50.0,1.0,1.0,0.12,0.1,0.15,0.12,5.0,8.8,0.0,0.0,0.12,0.1,0.05,0.12,1.0,7.6,0.0,1.0,0.1,0.2,0.1,0.1,1.0,11.0,0.0,1.0,0.08,0.1,0.1,0.08,3.0,13.333333333333334,0.0,0.0,0.14,0.1,0.25,0.14,6.0,3.6666666666666665,0.0,0.0,0.08,0.0,0.0,0.08,31.0,6.0,0.0,0.0,0.14,0.1,0.2,0.14,3.0,6.166666666666667,0.0,0.0,0.08,0.1,0.05,0.08,8.0,8.666666666666666,0.0,0.0,0.16,0.1,0.15,0.16,7.0,5.714285714285714,0.0,0.0,0.16,0.2,0.2,0.16,1.0,6.142857142857143,0.0,1.0,0.1,0.2,0.1,0.1,3.0,9.75,0.0,0.0,0.1,0.0,0.1,0.1,11.0,9.0,0.0,0.0,0.1,0.0,0.1,0.1,16.0,4.75,0.0,0.0,0.1,0.2,0.1,0.1,2.0,6.25,0.0,0.0,0.06,0.1,0.05,0.06,5.0,12.0,0.0,0.0,0.14,0.1,0.1,0.14,9.0,6.666666666666667,0.0,0.0,0.1,0.2,0.15,0.1,2.0,7.5,0.0,0.0,0.16,0.1,0.25,0.16,6.0,6.142857142857143,0.0,0.0,0.1,0.0,0.0,0.1,25.0,5.5,0.0,0.0,0.1,0.0,0.05,0.1,15.0,8.5,0.0,0.0,0.16,0.2,0.2,0.16,2.0,6.142857142857143,0.0,0.0,0.12,0.2,0.15,0.12,3.0,8.4,0.0,0.0,0.04,0.0,0.05,0.04,13.0,17.0,0.0,0.0,0.06,0.0,0.05,0.06,14.0,6.0,0.0,0.0,0.12,0.0,0.05,0.12,18.0,3.6,0.0,0.0,0.08,0.0,0.05,0.08,17.0,10.0,0.0,0.0,0.18,0.1,0.15,0.18,7.0,5.125,0.0,0.0,0.02,0.0,0.0,0.02,37.0,50.0,0.0,0.0,0.06,0.0,0.05,0.06,12.0,17.5,0.0,0.0,0.1,0.2,0.1,0.1,4.0,10.0,0.0,0.0,0.1,0.0,0.05,0.1,12.0,8.25,0.0,0.0,0.12,0.2,0.2,0.12,4.0,8.8,0.0,0.0,0.1,0.2,0.1,0.1,4.0,10.5,0.0,0.0,55.0,2.0,12.0,3.0,2.0,0.0,0.0,50.0,10.0,8.0,2.0,0,0,0,0,0,0,0,0,0,0,1,0,0,0,0,0,0,0,0,0,0,0,0,0,0,0,0,0,0,1,1,0,0,0,0,0,1,0,0,0,0,0,0,0,0,1,0,0
2025-10-19,0.1568627450980392,0.0,0.15,0.16,11.0,4.714285714285714,0.0,0.0,0.0784313725490196,0.1,0.1,0.08,9.0,10.0,0.0,0.0,0.09803921568627451,0.2,0.15,0.1,1.0,6.75,0.0,1.0,0.19607843137254902,0.1,0.1,0.2,4.0,5.0,0.0,0.0,0.0784313725490196,0.1,0.05,0.08,7.0,13.333333333333334,0.0,0.0,0.09803921568627451,0.1,0.15,0.1,6.0,10.25,0.0,0.0,0.11764705882352941,0.1,0.05,0.12,9.0,8.0,0.0,0.0,0.11764705882352941,0.2,0.1,0.12,5.0,8.8,0.0,0.0,0.0,0.0,0.0,0.0,51.0,51.0,0.0,0.0,0.13725490196078433,0.2,0.2,0.14,2.0,6.666666666666667,0.0,0.0,0.11764705882352941,0.4,0.25,0.12,0.0,8.2,1.0,1.0,0.09803921568627451,0.1,0.1,0.1,1.0,8.25,0.0,1.0,0.0784313725490196,0.0,0.0,0.08,23.0,1.6666666666666667,0.0,0.0,0.09803921568627451,0.1,0.1,0.1,1.0,8.5,0.0,1.0,0.0196078431372549,0.1,0.05,0.02,1.0,51.0,0.0,1.0,0.11764705882352941,0.1,0.1,0.1,6.0,8.8,0.0,0.0,0.11764705882352941,0.1,0.05,0.12,2.0,7.6,0.0,0.0,0.09803921568627451,0.2,0.1,0.1,2.0,11.0,0.0,0.0,0.0784313725490196,0.1,0.1,0.08,4.0,13.333333333333334,0.0,0.0,0.13725490196078433,0.1,0.25,0.14,7.0,3.6666666666666665,0.0,0.0,0.0784313725490196,0.0,0.0,0.06,32.0,6.0,0.0,0.0,0.13725490196078433,0.1,0.2,0.14,4.0,6.166666666666667,0.0,0.0,0.0784313725490196,0.1,0.05,0.08,9.0,8.666666666666666,0.0,0.0,0.1568627450980392,0.1,0.1,0.16,8.0,5.714285714285714,0.0,0.0,0.1568627450980392,0.2,0.2,0.16,2.0,6.142857142857143,0.0,0.0,0.09803921568627451,0.2,0.1,0.1,4.0,9.75,0.0,0.0,0.09803921568627451,0.0,0.1,0.1,12.0,9.0,0.0,0.0,0.09803921568627451,0.0,0.1,0.1,17.0,4.75,0.0,0.0,0.09803921568627451,0.1,0.1,0.1,3.0,6.25,0.0,0.0,0.0784313725490196,0.2,0.1,0.08,0.0,10.0,1.0,1.0,0.1568627450980392,0.1,0.15,0.14,0.0,7.142857142857143,1.0,1.0,0.09803921568627451,0.2,0.15,0.1,3.0,7.5,0.0,0.0,0.1568627450980392,0.1,0.2,0.14,7.0,6.142857142857143,0.0,0.0,0.09803921568627451,0.0,0.0,0.1,26.0,5.5,0.0,0.0,0.09803921568627451,0.0,0.05,0.08,16.0,8.5,0.0,0.0,0.1568627450980392,0.2,0.15,0.16,3.0,6.142857142857143,0.0,0.0,0.13725490196078433,0.3,0.2,0.14,0.0,7.666666666666667,1.0,1.0,0.0392156862745098,0.0,0.05,0.04,14.0,17.0,0.0,0.0,0.058823529411764705,0.0,0.05,0.06,15.0,6.0,0.0,0.0,0.11764705882352941,0.0,0.05,0.12,19.0,3.6,0.0,0.0,0.0784313725490196,0.0,0.05,0.08,18.0,10.0,0.0,0.0,0.17647058823529413,0.1,0.15,0.18,8.0,5.125,0.0,0.0,0.0196078431372549,0.0,0.0,0.02,38.0,51.0,0.0,0.0,0.058823529411764705,0.0,0.05,0.06,13.0,17.5,0.0,0.0,0.09803921568627451,0.2,0.1,0.1,5.0,10.0,0.0,0.0,0.11764705882352941,0.1,0.1,0.12,0.0,9.2,1.0,1.0,0.11764705882352941,0.1,0.2,0.12,5.0,8.8,0.0,0.0,0.09803921568627451,0.2,0.1,0.1,5.0,10.5,0.0,0.0,155.0,2.0,35.0,1.0,0.0,2.0,2.0,51.0,10.0,13.0,0.0,0,0,0,0,0,0,0,0,1,0,0,0,0,0,0,0,0,0,1,0,0,0,0,0,1,0,0,0,0,0,1,0,0,0,0,0,0,0,0,0,0,0,1,0,0,0,0,0
2025-10-22,0.15384615384615385,0.0,0.15,0.16,12.0,4.714285714285714,0.0,0.0,0.07692307692307693,0.0,0.1,0.08,10.0,10.0,0.0,0.0,0.09615384615384616,0.2,0.15,0.1,2.0,6.75,0.0,0.0,0.19230769230769232,0.1,0.1,0.18,5.0,5.0,0.0,0.0,0.07692307692307693,0.1,0.05,0.08,8.0,13.333333333333334,0.0,0.0,0.09615384615384616,0.1,0.15,0.1,7.0,10.25,0.0,0.0,0.11538461538461539,0.0,0.05,0.1,10.0,8.0,0.0,0.0,0.11538461538461539,0.2,0.1,0.1,6.0,8.8,0.0,0.0,0.019230769230769232,0.1,0.05,0.02,0.0,52.0,1.0,1.0,0.1346153846153846,0.2,0.2,0.14,3.0,6.666666666666667,0.0,0.0,0.11538461538461539,0.4,0.25,0.12,1.0,8.2,0.0,1.0,0.09615384615384616,0.1,0.1,0.1,2.0,8.25,0.0,0.0,0.07692307692307693,0.0,0.0,0.08,24.0,1.6666666666666667,0.0,0.0,0.09615384615384616,0.1,0.1,0.1,2.0,8.5,0.0,0.0,0.019230769230769232,0.1,0.05,0.02,2.0,52.0,0.0,0.0,0.11538461538461539,0.1,0.1,0.1,7.0,8.8,0.0,0.0,0.11538461538461539,0.1,0.05,0.12,3.0,7.6,0.0,0.0,0.09615384615384616,0.2,0.1,0.1,3.0,11.0,0.0,0.0,0.09615384615384616,0.2,0.15,0.1,0.0,11.25,1.0,1.0,0.1346153846153846,0.1,0.25,0.14,8.0,3.6666666666666665,0.0,0.0,0.07692307692307693,0.0,0.0,0.06,33.0,6.0,0.0,0.0,0.1346153846153846,0.1,0.2,0.14,5.0,6.166666666666667,0.0,0.0,0.07692307692307693,0.0,0.05,0.08,10.0,8.666666666666666,0.0,0.0,0.15384615384615385,0.1,0.05,0.16,9.0,5.714285714285714,0.0,0.0,0.17307692307692307,0.3,0.2,0.18,0.0,5.75,1.0,1.0,0.09615384615384616,0.2,0.1,0.1,5.0,9.75,0.0,0.0,0.09615384615384616,0.0,0.05,0.1,13.0,9.0,0.0,0.0,0.09615384615384616,0.0,0.05,0.1,18.0,4.75,0.0,0.0,0.09615384615384616,0.1,0.1,0.1,4.0,6.25,0.0,0.0,0.07692307692307693,0.2,0.1,0.08,1.0,10.0,0.0,1.0,0.17307692307692307,0.2,0.2,0.16,0.0,6.375,1.0,1.0,0.09615384615384616,0.2,0.15,0.1,4.0,7.5,0.0,0.0,0.15384615384615385,0.1,0.2,0.14,8.0,6.142857142857143,0.0,0.0,0.09615384615384616,0.0,0.0,0.1,27.0,5.5,0.0,0.0,0.09615384615384616,0.0,0.05,0.08,17.0,8.5,0.0,0.0,0.15384615384615385,0.1,0.15,0.16,4.0,6.142857142857143,0.0,0.0,0.1346153846153846,0.3,0.2,0.14,1.0,7.666666666666667,0.0,1.0,0.038461538461538464,0.0,0.05,0.04,15.0,17.0,0.0,0.0,0.057692307692307696,0.0,0.05,0.06,16.0,6.0,0.0,0.0,0.11538461538461539,0.0,0.0,0.12,20.0,3.6,0.0,0.0,0.07692307692307693,0.0,0.05,0.08,19.0,10.0,0.0,0.0,0.17307692307692307,0.1,0.15,0.16,9.0,5.125,0.0,0.0,0.038461538461538464,0.1,0.05,0.04,0.0,39.0,1.0,1.0,0.057692307692307696,0.0,0.05,0.06,14.0,17.5,0.0,0.0,0.09615384615384616,0.2,0.1,0.1,6.0,10.0,0.0,0.0,0.11538461538461539,0.1,0.1,0.12,1.0,9.2,0.0,1.0,0.11538461538461539,0.1,0.2,0.1,6.0,8.8,0.0,0.0,0.09615384615384616,0.1,0.1,0.1,6.0,10.5,0.0,0.0,127.0,0.0,34.0,1.0,1.0,2.0,1.0,52.0,10.0,19.0,6.0,0,0,0,0,0,0,0,0,1,0,0,0,0,1,0,0,0,1,0,0,0,0,0,0,0,0,0,0,0,0,0,0,0,0,0,0,0,0,1,0,1,0,0,0,0,0,0,0
2025-10-26,0.1509433962264151,0.0,0.1,0.16,13.0,4.714285714285714,0.0,0.0,0.07547169811320754,0.0,0.1,0.08,11.0,10.0,0.0,0.0,0.09433962264150944,0.2,0.15,0.1,3.0,6.75,0.0,0.0,0.18867924528301888,0.1,0.1,0.18,6.0,5.0,0.0,0.0,0.07547169811320754,0.1,0.05,0.08,9.0,13.333333333333334,0.0,0.0,0.09433962264150944,0.1,0.1,0.1,8.0,10.25,0.0,0.0,0.11320754716981132,0.0,0.05,0.1,11.0,8.0,0.0,0.0,0.11320754716981132,0.1,0.1,0.1,7.0,8.8,0.0,0.0,0.03773584905660377,0.2,0.1,0.04,0.0,1.0,1.0,1.0,0.1320754716981132,0.2,0.2,0.14,4.0,6.666666666666667,0.0,0.0,0.11320754716981132,0.4,0.2,0.12,2.0,8.2,0.0,0.0,0.09433962264150944,0.1,0.1,0.1,3.0,8.25,0.0,0.0,0.07547169811320754,0.0,0.0,0.08,25.0,1.6666666666666667,0.0,0.0,0.11320754716981132,0.2,0.15,0.12,0.0,7.4,1.0,1.0,0.018867924528301886,0.1,0.05,0.02,3.0,53.0,0.0,0.0,0.11320754716981132,0.1,0.1,0.1,8.0,8.8,0.0,0.0,0.11320754716981132,0.1,0.05,0.12,4.0,7.6,0.0,0.0,0.11320754716981132,0.2,0.15,0.12,0.0,9.6,1.0,1.0,0.09433962264150944,0.2,0.15,0.1,1.0,11.25,0.0,1.0,0.1320754716981132,0.1,0.25,0.14,9.0,3.6666666666666665,0.0,0.0,0.07547169811320754,0.0,0.0,0.06,34.0,6.0,0.0,0.0,0.1320754716981132,0.1,0.2,0.14,6.0,6.166666666666667,0.0,0.0,0.07547169811320754,0.0,0.05,0.08,11.0,8.666666666666666,0.0,0.0,0.1509433962264151,0.0,0.05,0.14,10.0,5.714285714285714,0.0,0.0,0.16981132075471697,0.3,0.2,0.18,1.0,5.75,0.0,1.0,0.09433962264150944,0.1,0.1,0.1,6.0,9.75,0.0,0.0,0.09433962264150944,0.0,0.05,0.08,14.0,9.0,0.0,0.0,0.09433962264150944,0.0,0.05,0.1,19.0,4.75,0.0,0.0,0.09433962264150944,0.1,0.1,0.1,5.0,6.25,0.0,0.0,0.07547169811320754,0.2,0.1,0.08,2.0,10.0,0.0,0.0,0.16981132075471697,0.2,0.2,0.16,1.0,6.375,0.0,1.0,0.09433962264150944,0.2,0.15,0.1,5.0,7.5,0.0,0.0,0.1509433962264151,0.1,0.2,0.14,9.0,6.142857142857143,0.0,0.0,0.09433962264150944,0.0,0.0,0.08,28.0,5.5,0.0,0.0,0.09433962264150944,0.0,0.05,0.08,18.0,8.5,0.0,0.0,0.1509433962264151,0.1,0.15,0.16,5.0,6.142857142857143,0.0,0.0,0.1320754716981132,0.3,0.2,0.14,2.0,7.666666666666667,0.0,0.0,0.03773584905660377,0.0,0.05,0.04,16.0,17.0,0.0,0.0,0.07547169811320754,0.1,0.1,0.08,0.0,9.666666666666666,1.0,1.0,0.11320754716981132,0.0,0.0,0.12,21.0,3.6,0.0,0.0,0.09433962264150944,0.1,0.05,0.08,0.0,12.5,1.0,1.0,0.16981132075471697,0.0,0.1,0.16,10.0,5.125,0.0,0.0,0.03773584905660377,0.1,0.05,0.04,1.0,39.0,0.0,1.0,0.05660377358490566,0.0,0.05,0.04,15.0,17.5,0.0,0.0,0.09433962264150944,0.2,0.1,0.1,7.0,10.0,0.0,0.0,0.11320754716981132,0.1,0.1,0.12,2.0,9.2,0.0,0.0,0.11320754716981132,0.1,0.2,0.1,7.0,8.8,0.0,0.0,0.09433962264150944,0.1,0.1,0.1,7.0,10.5,0.0,0.0,121.0,2.0,32.0,1.0,2.0,0.0,2.0,53.0,10.0,22.0,2.0,0,0,0,0,0,0,0,0,1,0,0,0,0,0,0,1,0,0,0,0,0,0,0,0,0,1,0,0,0,0,0,0,0,1,0,0,0,0,0,0,0,0,0,0,0,1,0,0
2025-10-29,0.14814814814814814,0.0,0.1,0.16,14.0,4.714285714285714,0.0,0.0,0.07407407407407407,0.0,0.05,0.08,12.0,10.0,0.0,0.0,0.09259259259259259,0.1,0.15,0.1,4.0,6.75,0.0,0.0,0.18518518518518517,0.1,0.1,0.18,7.0,5.0,0.0,0.0,0.07407407407407407,0.0,0.05,0.06,10.0,13.333333333333334,0.0,0.0,0.09259259259259259,0.1,0.1,0.08,9.0,10.25,0.0,0.0,0.1111111111111111,0.0,0.05,0.1,12.0,8.0,0.0,0.0,0.1111111111111111,0.1,0.1,0.1,8.0,8.8,0.0,0.0,0.05555555555555555,0.3,0.15,0.06,0.0,1.0,1.0,1.0,0.12962962962962962,0.2,0.2,0.14,5.0,6.666666666666667,0.0,0.0,0.1111111111111111,0.4,0.2,0.12,3.0,8.2,0.0,0.0,0.09259259259259259,0.1,0.05,0.1,4.0,8.25,0.0,0.0,0.07407407407407407,0.0,0.0,0.08,26.0,1.6666666666666667,0.0,0.0,0.1111111111111111,0.2,0.15,0.12,1.0,7.4,0.0,1.0,0.018518518518518517,0.1,0.05,0.02,4.0,54.0,0.0,0.0,0.12962962962962962,0.2,0.15,0.12,0.0,8.833333333333334,1.0,1.0,0.1111111111111111,0.1,0.05,0.12,5.0,7.6,0.0,0.0,0.1111111111111111,0.2,0.15,0.12,1.0,9.6,0.0,1.0,0.09259259259259259,0.2,0.15,0.1,2.0,11.25,0.0,0.0,0.12962962962962962,0.0,0.2,0.14,10.0,3.6666666666666665,0.0,0.0,0.07407407407407407,0.0,0.0,0.06,35.0,6.0,0.0,0.0,0.12962962962962962,0.1,0.2,0.14,7.0,6.166666666666667,0.0,0.0,0.07407407407407407,0.0,0.05,0.08,12.0,8.666666666666666,0.0,0.0,0.14814814814814814,0.0,0.05,0.14,11.0,5.714285714285714,0.0,0.0,0.16666666666666666,0.3,0.2,0.18,2.0,5.75,0.0,0.0,0.1111111111111111,0.2,0.15,0.12,0.0,9.2,1.0,1.0,0.09259259259259259,0.0,0.05,0.08,15.0,9.0,0.0,0.0,0.09259259259259259,0.0,0.0,0.1,20.0,4.75,0.0,0.0,0.09259259259259259,0.1,0.1,0.1,6.0,6.25,0.0,0.0,0.07407407407407407,0.2,0.1,0.08,3.0,10.0,0.0,0.0,0.16666666666666666,0.2,0.2,0.16,2.0,6.375,0.0,0.0,0.09259259259259259,0.2,0.1,0.1,6.0,7.5,0.0,0.0,0.14814814814814814,0.0,0.2,0.14,10.0,6.142857142857143,0.0,0.0,0.1111111111111111,0.1,0.05,0.08,0.0,10.2,1.0,1.0,0.09259259259259259,0.0,0.05,0.08,19.0,8.5,0.0,0.0,0.14814814814814814,0.1,0.15,0.16,6.0,6.142857142857143,0.0,0.0,0.12962962962962962,0.2,0.2,0.14,3.0,7.666666666666667,0.0,0.0,0.037037037037037035,0.0,0.05,0.04,17.0,17.0,0.0,0.0,0.07407407407407407,0.1,0.1,0.08,1.0,9.666666666666666,0.0,1.0,0.1111111111111111,0.0,0.0,0.12,22.0,3.6,0.0,0.0,0.09259259259259259,0.1,0.05,0.08,1.0,12.5,0.0,1.0,0.16666666666666666,0.0,0.1,0.16,11.0,5.125,0.0,0.0,0.037037037037037035,0.1,0.05,0.04,2.0,39.0,0.0,0.0,0.05555555555555555,0.0,0.05,0.02,16.0,17.5,0.0,0.0,0.09259259259259259,0.2,0.1,0.1,8.0,10.0,0.0,0.0,0.12962962962962962,0.2,0.15,0.14,0.0,8.166666666666666,1.0,1.0,0.1111111111111111,0.1,0.2,0.1,8.0,8.8,0.0,0.0,0.09259259259259259,0.1,0.1,0.08,8.0,10.5,0.0,0.0,131.0,4.0,37.0,1.0,1.0,2.0,1.0,54.0,10.0,26.0,6.0,0,0,0,1,0,0,0,0,0,0,0,0,0,0,0,0,0,0,0,0,0,0,0,0,0,0,1,0,0,0,1,1,0,0,0,0,0,0,0,0,0,1,0,0,0,0,0,0
2025-11-03,0.14545454545454545,0.0,0.1,0.16,15.0,4.714285714285714,0.0,0.0,0.07272727272727272,0.0,0.05,0.08,13.0,10.0,0.0,0.0,0.09090909090909091,0.1,0.15,0.1,5.0,6.75,0.0,0.0,0.2,0.2,0.15,0.2,0.0,5.3,1.0,1.0,0.07272727272727272,0.0,0.05,0.06,11.0,13.333333333333334,0.0,0.0,0.09090909090909091,0.0,0.1,0.08,10.0,10.25,0.0,0.0,0.10909090909090909,0.0,0.05,0.1,13.0,8.0,0.0,0.0,0.10909090909090909,0.1,0.1,0.1,9.0,8.8,0.0,0.0,0.05454545454545454,0.3,0.15,0.06,1.0,1.0,0.0,1.0,0.12727272727272726,0.1,0.15,0.14,6.0,6.666666666666667,0.0,0.0,0.10909090909090909,0.4,0.2,0.12,4.0,8.2,0.0,0.0,0.09090909090909091,0.1,0.05,0.1,5.0,8.25,0.0,0.0,0.07272727272727272,0.0,0.0,0.08,27.0,1.6666666666666667,0.0,0.0,0.10909090909090909,0.2,0.15,0.12,2.0,7.4,0.0,0.0,0.01818181818181818,0.1,0.05,0.02,5.0,55.0,0.0,0.0,0.12727272727272726,0.1,0.15,0.12,1.0,8.833333333333334,0.0,1.0,0.10909090909090909,0.1,0.05,0.12,6.0,7.6,0.0,0.0,0.10909090909090909,0.2,0.15,0.1,2.0,9.6,0.0,0.0,0.09090909090909091,0.2,0.15,0.1,3.0,11.25,0.0,0.0,0.12727272727272726,0.0,0.15,0.14,11.0,3.6666666666666665,0.0,0.0,0.07272727272727272,0.0,0.0,0.06,36.0,6.0,0.0,0.0,0.12727272727272726,0.1,0.2,0.14,8.0,6.166666666666667,0.0,0.0,0.07272727272727272,0.0,0.05,0.08,13.0,8.666666666666666,0.0,0.0,0.14545454545454545,0.0,0.05,0.14,12.0,5.714285714285714,0.0,0.0,0.16363636363636364,0.3,0.2,0.18,3.0,5.75,0.0,0.0,0.10909090909090909,0.2,0.15,0.12,1.0,9.2,0.0,1.0,0.10909090909090909,0.1,0.1,0.1,0.0,10.4,1.0,1.0,0.09090909090909091,0.0,0.0,0.1,21.0,4.75,0.0,0.0,0.09090909090909091,0.1,0.1,0.1,7.0,6.25,0.0,0.0,0.07272727272727272,0.1,0.1,0.08,4.0,10.0,0.0,0.0,0.18181818181818182,0.3,0.25,0.18,0.0,6.0,1.0,1.0,0.10909090909090909,0.3,0.15,0.12,0.0,7.4,1.0,1.0,0.14545454545454545,0.0,0.2,0.12,11.0,6.142857142857143,0.0,0.0,0.10909090909090909,0.1,0.05,0.08,1.0,10.2,0.0,1.0,0.09090909090909091,0.0,0.0,0.08,20.0,8.5,0.0,0.0,0.14545454545454545,0.1,0.15,0.14,7.0,6.142857142857143,0.0,0.0,0.12727272727272726,0.2,0.15,0.12,4.0,7.666666666666667,0.0,0.0,0.03636363636363636,0.0,0.05,0.04,18.0,17.0,0.0,0.0,0.07272727272727272,0.1,0.1,0.08,2.0,9.666666666666666,0.0,0.0,0.10909090909090909,0.0,0.0,0.12,23.0,3.6,0.0,0.0,0.09090909090909091,0.1,0.05,0.08,2.0,12.5,0.0,0.0,0.18181818181818182,0.1,0.15,0.18,0.0,5.888888888888889,1.0,1.0,0.03636363636363636,0.1,0.05,0.04,3.0,39.0,0.0,0.0,0.05454545454545454,0.0,0.05,0.02,17.0,17.5,0.0,0.0,0.09090909090909091,0.1,0.1,0.1,9.0,10.0,0.0,0.0,0.12727272727272726,0.2,0.15,0.12,1.0,8.166666666666666,0.0,1.0,0.10909090909090909,0.1,0.15,0.1,9.0,8.8,0.0,0.0,0.09090909090909091,0.1,0.1,0.08,9.0,10.5,0.0,0.0,136.0,3.0,38.0,1.0,0.0,3.0,1.0,55.0,10.0,29.0,2.0,0,1,0,0,0,0,0,0,0,0,0,0,0,0,0,1,0,0,0,0,0,0,0,0,1,0,0,0,1,0,0,0,0,0,0,0,0,0,0,0,0,0,0,0,0,1,0,0
2025-11-09,0.14285714285714285,0.0,0.1,0.16,16.0,4.714285714285714,0.0,0.0,0.08928571428571429,0.1,0.1,0.1,0.0,11.0,1.0,1.0,0.08928571428571429,0.1,0.15,0.1,6.0,6.75,0.0,0.0,0.19642857142857142,0.2,0.15,0.18,1.0,5.3,0.0,1.0,0.07142857142857142,0.0,0.05,0.06,12.0,13.333333333333334,0.0,0.0,0.08928571428571429,0.0,0.1,0.08,11.0,10.25,0.0,0.0,0.10714285714285714,0.0,0.05,0.08,14.0,8.0,0.0,0.0,0.10714285714285714,0.0,0.1,0.1,10.0,8.8,0.0,0.0,0.05357142857142857,0.3,0.15,0.06,2.0,1.0,0.0,0.0,0.125,0.1,0.15,0.14,7.0,6.666666666666667,0.0,0.0,0.10714285714285714,0.4,0.2,0.12,5.0,8.2,0.0,0.0,0.08928571428571429,0.1,0.05,0.1,6.0,8.25,0.0,0.0,0.07142857142857142,0.0,0.0,0.08,28.0,1.6666666666666667,0.0,0.0,0.10714285714285714,0.2,0.15,0.12,3.0,7.4,0.0,0.0,0.017857142857142856,0.1,0.05,0.02,6.0,56.0,0.0,0.0,0.14285714285714285,0.2,0.2,0.14,0.0,7.857142857142857,1.0,1.0,0.10714285714285714,0.1,0.05,0.12,7.0,7.6,0.0,0.0,0.10714285714285714,0.2,0.15,0.1,3.0,9.6,0.0,0.0,0.08928571428571429,0.2,0.15,0.1,4.0,11.25,0.0,0.0,0.125,0.0,0.15,0.14,12.0,3.6666666666666665,0.0,0.0,0.07142857142857142,0.0,0.0,0.06,37.0,6.0,0.0,0.0,0.125,0.1,0.15,0.14,9.0,6.166666666666667,0.0,0.0,0.07142857142857142,0.0,0.05,0.08,14.0,8.666666666666666,0.0,0.0,0.14285714285714285,0.0,0.05,0.14,13.0,5.714285714285714,0.0,0.0,0.17857142857142858,0.4,0.25,0.18,0.0,5.555555555555555,1.0,1.0,0.10714285714285714,0.2,0.15,0.12,2.0,9.2,0.0,0.0,0.10714285714285714,0.1,0.1,0.1,1.0,10.4,0.0,1.0,0.08928571428571429,0.0,0.0,0.1,22.0,4.75,0.0,0.0,0.10714285714285714,0.2,0.15,0.12,0.0,6.6,1.0,1.0,0.07142857142857142,0.1,0.1,0.08,5.0,10.0,0.0,0.0,0.17857142857142858,0.3,0.2,0.18,1.0,6.0,0.0,1.0,0.10714285714285714,0.2,0.15,0.12,1.0,7.4,0.0,1.0,0.14285714285714285,0.0,0.15,0.12,12.0,6.142857142857143,0.0,0.0,0.10714285714285714,0.1,0.05,0.08,2.0,10.2,0.0,0.0,0.08928571428571429,0.0,0.0,0.08,21.0,8.5,0.0,0.0,0.14285714285714285,0.1,0.15,0.14,8.0,6.142857142857143,0.0,0.0,0.125,0.2,0.15,0.12,5.0,7.666666666666667,0.0,0.0,0.03571428571428571,0.0,0.05,0.04,19.0,17.0,0.0,0.0,0.07142857142857142,0.1,0.05,0.08,3.0,9.666666666666666,0.0,0.0,0.10714285714285714,0.0,0.0,0.12,24.0,3.6,0.0,0.0,0.08928571428571429,0.1,0.05,0.08,3.0,12.5,0.0,0.0,0.17857142857142858,0.1,0.1,0.18,1.0,5.888888888888889,0.0,1.0,0.03571428571428571,0.1,0.05,0.04,4.0,39.0,0.0,0.0,0.05357142857142857,0.0,0.05,0.02,18.0,17.5,0.0,0.0,0.08928571428571429,0.0,0.1,0.08,10.0,10.0,0.0,0.0,0.14285714285714285,0.3,0.2,0.14,0.0,7.285714285714286,1.0,1.0,0.10714285714285714,0.0,0.15,0.08,10.0,8.8,0.0,0.0,0.08928571428571429,0.0,0.1,0.08,10.0,10.5,0.0,0.0,118.0,3.0,44.0,1.0,1.0,2.0,1.0,56.0,11.0,3.0,0.0,0,0,0,0,1,0,0,0,0,0,0,0,0,0,0,0,0,0,0,1,0,0,0,0,0,0,0,0,0,1,1,0,0,0,0,0,0,0,0,0,0,0,0,0,1,0,0,0
2025-11-12,0.14035087719298245,0.0,0.05,0.14,17.0,4.714285714285714,0.0,0.0,0.08771929824561403,0.1,0.1,0.1,1.0,11.0,0.0,1.0,0.08771929824561403,0.1,0.15,0.1,7.0,6.75,0.0,0.0,0.19298245614035087,0.1,0.1,0.18,2.0,5.3,0.0,0.0,0.08771929824561403,0.1,0.1,0.08,0.0,13.25,1.0,1.0,0.08771929824561403,0.0,0.1,0.08,12.0,10.25,0.0,0.0,0.10526315789473684,0.0,0.05,0.08,15.0,8.0,0.0,0.0,0.10526315789473684,0.0,0.1,0.1,11.0,8.8,0.0,0.0,0.05263157894736842,0.3,0.15,0.06,3.0,1.0,0.0,0.0,0.12280701754385964,0.1,0.15,0.14,8.0,6.666666666666667,0.0,0.0,0.10526315789473684,0.4,0.2,0.12,6.0,8.2,0.0,0.0,0.08771929824561403,0.1,0.05,0.1,7.0,8.25,0.0,0.0,0.07017543859649122,0.0,0.0,0.08,29.0,1.6666666666666667,0.0,0.0,0.10526315789473684,0.2,0.15,0.12,4.0,7.4,0.0,0.0,0.017543859649122806,0.1,0.05,0.02,7.0,57.0,0.0,0.0,0.14035087719298245,0.2,0.2,0.12,1.0,7.857142857142857,0.0,1.0,0.10526315789473684,0.1,0.05,0.12,8.0,7.6,0.0,0.0,0.10526315789473684,0.2,0.15,0.08,4.0,9.6,0.0,0.0,0.08771929824561403,0.1,0.1,0.08,5.0,11.25,0.0,0.0,0.14035087719298245,0.1,0.15,0.16,0.0,5.0,1.0,1.0,0.07017543859649122,0.0,0.0,0.06,38.0,6.0,0.0,0.0,0.12280701754385964,0.0,0.15,0.14,10.0,6.166666666666667,0.0,0.0,0.07017543859649122,0.0,0.05,0.08,15.0,8.666666666666666,0.0,0.0,0.14035087719298245,0.0,0.05,0.14,14.0,5.714285714285714,0.0,0.0,0.17543859649122806,0.4,0.25,0.18,1.0,5.555555555555555,0.0,1.0,0.10526315789473684,0.1,0.15,0.12,3.0,9.2,0.0,0.0,0.10526315789473684,0.1,0.1,0.1,2.0,10.4,0.0,0.0,0.08771929824561403,0.0,0.0,0.1,23.0,4.75,0.0,0.0,0.10526315789473684,0.2,0.15,0.12,1.0,6.6,0.0,1.0,0.08771929824561403,0.2,0.15,0.1,0.0,9.0,1.0,1.0,0.19298245614035087,0.4,0.25,0.2,0.0,5.6,1.0,1.0,0.10526315789473684,0.2,0.15,0.12,2.0,7.4,0.0,0.0,0.14035087719298245,0.0,0.15,0.12,13.0,6.142857142857143,0.0,0.0,0.10526315789473684,0.1,0.05,0.08,3.0,10.2,0.0,0.0,0.08771929824561403,0.0,0.0,0.08,22.0,8.5,0.0,0.0,0.14035087719298245,0.1,0.15,0.12,9.0,6.142857142857143,0.0,0.0,0.12280701754385964,0.1,0.15,0.12,6.0,7.666666666666667,0.0,0.0,0.03508771929824561,0.0,0.0,0.04,20.0,17.0,0.0,0.0,0.07017543859649122,0.1,0.05,0.08,4.0,9.666666666666666,0.0,0.0,0.10526315789473684,0.0,0.0,0.12,25.0,3.6,0.0,0.0,0.08771929824561403,0.1,0.05,0.08,4.0,12.5,0.0,0.0,0.17543859649122806,0.1,0.1,0.18,2.0,5.888888888888889,0.0,0.0,0.03508771929824561,0.1,0.05,0.04,5.0,39.0,0.0,0.0,0.05263157894736842,0.0,0.05,0.02,19.0,17.5,0.0,0.0,0.10526315789473684,0.1,0.15,0.1,0.0,10.2,1.0,1.0,0.14035087719298245,0.3,0.2,0.14,1.0,7.285714285714286,0.0,1.0,0.10526315789473684,0.0,0.15,0.08,11.0,8.8,0.0,0.0,0.08771929824561403,0.0,0.1,0.08,11.0,10.5,0.0,0.0,131.0,2.0,40.0,1.0,1.0,2.0,1.0,57.0,11.0,9.0,6.0,0,0,0,1,0,0,0,0,1,0,0,0,0,0,0,0,1,0,0,0,0,0,0,0,0,0,0,0,0,0,0,0,0,0,0,0,0,0,0,0,0,0,0,0,1,0,1,0
2025-11-16,0.13793103448275862,0.0,0.05,0.14,18.0,4.714285714285714,0.0,0.0,0.08620689655172414,0.1,0.1,0.1,2.0,11.0,0.0,0.0,0.08620689655172414,0.1,0.15,0.1,8.0,6.75,0.0,0.0,0.20689655172413793,0.2,0.15,0.18,0.0,5.090909090909091,1.0,1.0,0.08620689655172414,0.1,0.1,0.08,1.0,13.25,0.0,1.0,0.08620689655172414,0.0,0.1,0.08,13.0,10.25,0.0,0.0,0.10344827586206896,0.0,0.05,0.08,16.0,8.0,0.0,0.0,0.10344827586206896,0.0,0.1,0.08,12.0,8.8,0.0,0.0,0.06896551724137931,0.4,0.2,0.08,0.0,2.0,1.0,1.0,0.1206896551724138,0.1,0.1,0.14,9.0,6.666666666666667,0.0,0.0,0.10344827586206896,0.3,0.2,0.12,7.0,8.2,0.0,0.0,0.08620689655172414,0.1,0.05,0.1,8.0,8.25,0.0,0.0,0.06896551724137931,0.0,0.0,0.08,30.0,1.6666666666666667,0.0,0.0,0.10344827586206896,0.2,0.15,0.12,5.0,7.4,0.0,0.0,0.017241379310344827,0.1,0.05,0.02,8.0,58.0,0.0,0.0,0.13793103448275862,0.2,0.15,0.12,2.0,7.857142857142857,0.0,0.0,0.1206896551724138,0.2,0.1,0.14,0.0,7.833333333333333,1.0,1.0,0.10344827586206896,0.2,0.15,0.08,5.0,9.6,0.0,0.0,0.08620689655172414,0.1,0.1,0.08,6.0,11.25,0.0,0.0,0.13793103448275862,0.1,0.15,0.16,1.0,5.0,0.0,1.0,0.06896551724137931,0.0,0.0,0.06,39.0,6.0,0.0,0.0,0.1206896551724138,0.0,0.15,0.14,11.0,6.166666666666667,0.0,0.0,0.06896551724137931,0.0,0.05,0.08,16.0,8.666666666666666,0.0,0.0,0.13793103448275862,0.0,0.05,0.14,15.0,5.714285714285714,0.0,0.0,0.1724137931034483,0.3,0.2,0.18,2.0,5.555555555555555,0.0,0.0,0.10344827586206896,0.1,0.15,0.1,4.0,9.2,0.0,0.0,0.10344827586206896,0.1,0.1,0.1,3.0,10.4,0.0,0.0,0.08620689655172414,0.0,0.0,0.1,24.0,4.75,0.0,0.0,0.10344827586206896,0.1,0.15,0.12,2.0,6.6,0.0,0.0,0.08620689655172414,0.2,0.15,0.1,1.0,9.0,0.0,1.0,0.1896551724137931,0.4,0.25,0.2,1.0,5.6,0.0,1.0,0.10344827586206896,0.1,0.15,0.12,3.0,7.4,0.0,0.0,0.13793103448275862,0.0,0.15,0.12,14.0,6.142857142857143,0.0,0.0,0.10344827586206896,0.1,0.05,0.08,4.0,10.2,0.0,0.0,0.08620689655172414,0.0,0.0,0.08,23.0,8.5,0.0,0.0,0.13793103448275862,0.0,0.15,0.12,10.0,6.142857142857143,0.0,0.0,0.1206896551724138,0.1,0.15,0.12,7.0,7.666666666666667,0.0,0.0,0.034482758620689655,0.0,0.0,0.04,21.0,17.0,0.0,0.0,0.06896551724137931,0.1,0.05,0.08,5.0,9.666666666666666,0.0,0.0,0.10344827586206896,0.0,0.0,0.12,26.0,3.6,0.0,0.0,0.08620689655172414,0.1,0.05,0.08,5.0,12.5,0.0,0.0,0.1724137931034483,0.1,0.1,0.16,3.0,5.888888888888889,0.0,0.0,0.034482758620689655,0.1,0.05,0.04,6.0,39.0,0.0,0.0,0.05172413793103448,0.0,0.0,0.02,20.0,17.5,0.0,0.0,0.1206896551724138,0.2,0.2,0.12,0.0,8.666666666666666,1.0,1.0,0.13793103448275862,0.3,0.15,0.14,2.0,7.285714285714286,0.0,0.0,0.1206896551724138,0.1,0.2,0.1,0.0,9.333333333333334,1.0,1.0,0.08620689655172414,0.0,0.1,0.06,12.0,10.5,0.0,0.0,122.0,1.0,43.0,2.0,1.0,0.0,2.0,58.0,11.0,12.0,2.0,0,0,0,0,0,0,0,0,0,0,0,0,0,1,0,0,0,0,0,0,0,0,0,0,0,0,1,0,0,0,0,0,0,0,0,0,0,0,0,0,1,0,0,0,1,0,1,0
2025-11-19,0.13559322033898305,0.0,0.05,0.14,19.0,4.714285714285714,0.0,0.0,0.0847457627118644,0.1,0.1,0.1,3.0,11.0,0.0,0.0,0.0847457627118644,0.1,0.15,0.1,9.0,6.75,0.0,0.0,0.2033898305084746,0.2,0.15,0.18,1.0,5.090909090909091,0.0,1.0,0.0847457627118644,0.1,0.1,0.08,2.0,13.25,0.0,0.0,0.0847457627118644,0.0,0.05,0.08,14.0,10.25,0.0,0.0,0.1016949152542373,0.0,0.05,0.08,17.0,8.0,0.0,0.0,0.1016949152542373,0.0,0.1,0.08,13.0,8.8,0.0,0.0,0.06779661016949153,0.4,0.2,0.08,1.0,2.0,0.0,1.0,0.11864406779661017,0.0,0.1,0.12,10.0,6.666666666666667,0.0,0.0,0.1016949152542373,0.2,0.2,0.12,8.0,8.2,0.0,0.0,0.0847457627118644,0.1,0.05,0.1,9.0,8.25,0.0,0.0,0.06779661016949153,0.0,0.0,0.08,31.0,1.6666666666666667,0.0,0.0,0.11864406779661017,0.3,0.2,0.14,0.0,7.166666666666667,1.0,1.0,0.01694915254237288,0.1,0.05,0.02,9.0,59.0,0.0,0.0,0.13559322033898305,0.2,0.15,0.12,3.0,7.857142857142857,0.0,0.0,0.11864406779661017,0.1,0.1,0.14,1.0,7.833333333333333,0.0,1.0,0.1016949152542373,0.1,0.15,0.08,6.0,9.6,0.0,0.0,0.0847457627118644,0.1,0.1,0.08,7.0,11.25,0.0,0.0,0.13559322033898305,0.1,0.15,0.16,2.0,5.0,0.0,0.0,0.06779661016949153,0.0,0.0,0.04,40.0,6.0,0.0,0.0,0.11864406779661017,0.0,0.1,0.14,12.0,6.166666666666667,0.0,0.0,0.06779661016949153,0.0,0.05,0.08,17.0,8.666666666666666,0.0,0.0,0.13559322033898305,0.0,0.05,0.14,16.0,5.714285714285714,0.0,0.0,0.1694915254237288,0.2,0.2,0.16,3.0,5.555555555555555,0.0,0.0,0.1016949152542373,0.1,0.15,0.1,5.0,9.2,0.0,0.0,0.11864406779661017,0.2,0.1,0.12,0.0,9.333333333333334,1.0,1.0,0.0847457627118644,0.0,0.0,0.1,25.0,4.75,0.0,0.0,0.1016949152542373,0.1,0.15,0.12,3.0,6.6,0.0,0.0,0.0847457627118644,0.2,0.15,0.1,2.0,9.0,0.0,0.0,0.1864406779661017,0.4,0.25,0.2,2.0,5.6,0.0,0.0,0.1016949152542373,0.1,0.15,0.12,4.0,7.4,0.0,0.0,0.13559322033898305,0.0,0.1,0.12,15.0,6.142857142857143,0.0,0.0,0.1016949152542373,0.1,0.05,0.08,5.0,10.2,0.0,0.0,0.0847457627118644,0.0,0.0,0.08,24.0,8.5,0.0,0.0,0.13559322033898305,0.0,0.15,0.12,11.0,6.142857142857143,0.0,0.0,0.11864406779661017,0.1,0.15,0.1,8.0,7.666666666666667,0.0,0.0,0.03389830508474576,0.0,0.0,0.04,22.0,17.0,0.0,0.0,0.06779661016949153,0.1,0.05,0.08,6.0,9.666666666666666,0.0,0.0,0.1016949152542373,0.0,0.0,0.12,27.0,3.6,0.0,0.0,0.1016949152542373,0.2,0.1,0.1,0.0,11.2,1.0,1.0,0.1694915254237288,0.1,0.1,0.14,4.0,5.888888888888889,0.0,0.0,0.03389830508474576,0.1,0.05,0.04,7.0,39.0,0.0,0.0,0.05084745762711865,0.0,0.0,0.02,21.0,17.5,0.0,0.0,0.13559322033898305,0.3,0.25,0.14,0.0,7.571428571428571,1.0,1.0,0.13559322033898305,0.3,0.15,0.14,3.0,7.285714285714286,0.0,0.0,0.13559322033898305,0.2,0.2,0.12,0.0,8.142857142857142,1.0,1.0,0.0847457627118644,0.0,0.1,0.06,13.0,10.5,0.0,0.0,174.0,1.0,33.0,0.0,1.0,1.0,3.0,59.0,11.0,16.0,6.0,1,0,0,0,0,0,0,0,0,0,0,0,0,0,0,0,0,0,0,0,0,1,0,0,0,0,1,0,0,0,1,0,0,0,0,1,0,0,0,0,0,0,0,0,0,0,0,0
2025-11-23,0.15,0.1,0.05,0.16,0.0,6.625,1.0,1.0,0.08333333333333333,0.1,0.1,0.1,4.0,11.0,0.0,0.0,0.08333333333333333,0.0,0.15,0.1,10.0,6.75,0.0,0.0,0.2,0.2,0.15,0.16,2.0,5.090909090909091,0.0,0.0,0.08333333333333333,0.1,0.1,0.08,3.0,13.25,0.0,0.0,0.08333333333333333,0.0,0.05,0.08,15.0,10.25,0.0,0.0,0.1,0.0,0.05,0.08,18.0,8.0,0.0,0.0,0.1,0.0,0.1,0.08,14.0,8.8,0.0,0.0,0.06666666666666667,0.4,0.2,0.08,2.0,2.0,0.0,0.0,0.11666666666666667,0.0,0.1,0.12,11.0,6.666666666666667,0.0,0.0,0.1,0.1,0.2,0.1,9.0,8.2,0.0,0.0,0.08333333333333333,0.0,0.05,0.1,10.0,8.25,0.0,0.0,0.06666666666666667,0.0,0.0,0.08,32.0,1.6666666666666667,0.0,0.0,0.11666666666666667,0.2,0.2,0.14,1.0,7.166666666666667,0.0,1.0,0.016666666666666666,0.0,0.05,0.02,10.0,60.0,0.0,0.0,0.13333333333333333,0.2,0.15,0.12,4.0,7.857142857142857,0.0,0.0,0.11666666666666667,0.1,0.1,0.14,2.0,7.833333333333333,0.0,0.0,0.1,0.1,0.15,0.08,7.0,9.6,0.0,0.0,0.08333333333333333,0.1,0.1,0.08,8.0,11.25,0.0,0.0,0.13333333333333333,0.1,0.1,0.16,3.0,5.0,0.0,0.0,0.06666666666666667,0.0,0.0,0.04,41.0,6.0,0.0,0.0,0.13333333333333333,0.1,0.1,0.14,0.0,7.142857142857143,1.0,1.0,0.06666666666666667,0.0,0.05,0.08,18.0,8.666666666666666,0.0,0.0,0.13333333333333333,0.0,0.05,0.14,17.0,5.714285714285714,0.0,0.0,0.16666666666666666,0.2,0.2,0.16,4.0,5.555555555555555,0.0,0.0,0.1,0.1,0.15,0.1,6.0,9.2,0.0,0.0,0.13333333333333333,0.3,0.15,0.12,0.0,8.142857142857142,1.0,1.0,0.08333333333333333,0.0,0.0,0.1,26.0,4.75,0.0,0.0,0.1,0.1,0.15,0.12,4.0,6.6,0.0,0.0,0.08333333333333333,0.2,0.15,0.1,3.0,9.0,0.0,0.0,0.2,0.5,0.3,0.22,0.0,5.363636363636363,1.0,1.0,0.1,0.1,0.15,0.12,5.0,7.4,0.0,0.0,0.13333333333333333,0.0,0.05,0.12,16.0,6.142857142857143,0.0,0.0,0.1,0.1,0.05,0.06,6.0,10.2,0.0,0.0,0.08333333333333333,0.0,0.0,0.08,25.0,8.5,0.0,0.0,0.15,0.1,0.15,0.14,0.0,6.875,1.0,1.0,0.11666666666666667,0.1,0.15,0.1,9.0,7.666666666666667,0.0,0.0,0.03333333333333333,0.0,0.0,0.04,23.0,17.0,0.0,0.0,0.06666666666666667,0.1,0.05,0.08,7.0,9.666666666666666,0.0,0.0,0.1,0.0,0.0,0.12,28.0,3.6,0.0,0.0,0.1,0.2,0.1,0.1,1.0,11.2,0.0,1.0,0.16666666666666666,0.1,0.1,0.14,5.0,5.888888888888889,0.0,0.0,0.03333333333333333,0.1,0.05,0.04,8.0,39.0,0.0,0.0,0.05,0.0,0.0,0.02,22.0,17.5,0.0,0.0,0.13333333333333333,0.3,0.25,0.14,1.0,7.571428571428571,0.0,1.0,0.13333333333333333,0.3,0.15,0.14,4.0,7.285714285714286,0.0,0.0,0.13333333333333333,0.2,0.2,0.12,1.0,8.142857142857142,0.0,1.0,0.08333333333333333,0.0,0.1,0.06,14.0,10.5,0.0,0.0,117.0,2.0,35.0,1.0,1.0,3.0,0.0,60.0,11.0,19.0,2.0,0,0,0,0,0,1,0,0,0,0,1,0,0,0,0,0,0,0,0,0,0,1,0,0,0,0,0,1,0,0,0,0,0,0,0,1,0,0,0,0,0,0,0,0,0,0,0,0
2025-11-26,0.14754098360655737,0.1,0.05,0.16,1.0,6.625,0.0,1.0,0.08196721311475409,0.1,0.1,0.1,5.0,11.0,0.0,0.0,0.08196721311475409,0.0,0.1,0.1,11.0,6.75,0.0,0.0,0.19672131147540983,0.2,0.15,0.16,3.0,5.090909090909091,0.0,0.0,0.08196721311475409,0.1,0.1,0.08,4.0,13.25,0.0,0.0,0.09836065573770492,0.1,0.1,0.1,0.0,11.4,1.0,1.0,0.09836065573770492,0.0,0.05,0.08,19.0,8.0,0.0,0.0,0.09836065573770492,0.0,0.1,0.08,15.0,8.8,0.0,0.0,0.06557377049180328,0.4,0.2,0.08,3.0,2.0,0.0,0.0,0.11475409836065574,0.0,0.1,0.1,12.0,6.666666666666667,0.0,0.0,0.11475409836065574,0.1,0.25,0.12,0.0,8.5,1.0,1.0,0.08196721311475409,0.0,0.05,0.1,11.0,8.25,0.0,0.0,0.06557377049180328,0.0,0.0,0.08,33.0,1.6666666666666667,0.0,0.0,0.11475409836065574,0.2,0.15,0.14,2.0,7.166666666666667,0.0,0.0,0.01639344262295082,0.0,0.05,0.02,11.0,61.0,0.0,0.0,0.13114754098360656,0.2,0.15,0.12,5.0,7.857142857142857,0.0,0.0,0.11475409836065574,0.1,0.1,0.12,3.0,7.833333333333333,0.0,0.0,0.09836065573770492,0.1,0.15,0.08,8.0,9.6,0.0,0.0,0.08196721311475409,0.1,0.1,0.08,9.0,11.25,0.0,0.0,0.13114754098360656,0.1,0.1,0.16,4.0,5.0,0.0,0.0,0.06557377049180328,0.0,0.0,0.04,42.0,6.0,0.0,0.0,0.14754098360655737,0.2,0.15,0.14,0.0,6.375,1.0,1.0,0.06557377049180328,0.0,0.05,0.08,19.0,8.666666666666666,0.0,0.0,0.13114754098360656,0.0,0.05,0.12,18.0,5.714285714285714,0.0,0.0,0.16393442622950818,0.2,0.2,0.16,5.0,5.555555555555555,0.0,0.0,0.09836065573770492,0.1,0.15,0.1,7.0,9.2,0.0,0.0,0.13114754098360656,0.3,0.15,0.12,1.0,8.142857142857142,0.0,1.0,0.09836065573770492,0.1,0.05,0.12,0.0,9.2,1.0,1.0,0.09836065573770492,0.1,0.1,0.12,5.0,6.6,0.0,0.0,0.08196721311475409,0.1,0.15,0.1,4.0,9.0,0.0,0.0,0.19672131147540983,0.4,0.25,0.2,1.0,5.363636363636363,0.0,1.0,0.09836065573770492,0.1,0.15,0.12,6.0,7.4,0.0,0.0,0.13114754098360656,0.0,0.05,0.12,17.0,6.142857142857143,0.0,0.0,0.09836065573770492,0.1,0.05,0.06,7.0,10.2,0.0,0.0,0.08196721311475409,0.0,0.0,0.08,26.0,8.5,0.0,0.0,0.16393442622950818,0.2,0.2,0.16,0.0,6.222222222222222,1.0,1.0,0.11475409836065574,0.0,0.15,0.1,10.0,7.666666666666667,0.0,0.0,0.03278688524590164,0.0,0.0,0.04,24.0,17.0,0.0,0.0,0.06557377049180328,0.1,0.05,0.08,8.0,9.666666666666666,0.0,0.0,0.09836065573770492,0.0,0.0,0.12,29.0,3.6,0.0,0.0,0.09836065573770492,0.2,0.1,0.1,2.0,11.2,0.0,0.0,0.16393442622950818,0.1,0.1,0.14,6.0,5.888888888888889,0.0,0.0,0.03278688524590164,0.1,0.05,0.04,9.0,39.0,0.0,0.0,0.04918032786885246,0.0,0.0,0.02,23.0,17.5,0.0,0.0,0.13114754098360656,0.3,0.25,0.14,2.0,7.571428571428571,0.0,0.0,0.13114754098360656,0.2,0.15,0.14,5.0,7.285714285714286,0.0,0.0,0.13114754098360656,0.2,0.15,0.12,2.0,8.142857142857142,0.0,0.0,0.08196721311475409,0.0,0.1,0.06,15.0,10.5,0.0,0.0,103.0,4.0,30.0,2.0,1.0,2.0,0.0,61.0,11.0,23.0,6.0,0,0,0,0,0,0,0,0,0,0,0,0,0,0,1,0,0,1,0,0,0,0,0,0,0,0,1,0,0,0,0,0,0,0,0,0,0,1,0,0,0,0,1,0,0,0,0,0
2025-11-30,0.14516129032258066,0.1,0.05,0.14,2.0,6.625,0.0,0.0,0.08064516129032258,0.1,0.05,0.08,6.0,11.0,0.0,0.0,0.08064516129032258,0.0,0.1,0.1,12.0,6.75,0.0,0.0,0.1935483870967742,0.2,0.15,0.14,4.0,5.090909090909091,0.0,0.0,0.08064516129032258,0.1,0.1,0.08,5.0,13.25,0.0,0.0,0.0967741935483871,0.1,0.1,0.1,1.0,11.4,0.0,1.0,0.0967741935483871,0.0,0.0,0.08,20.0,8.0,0.0,0.0,0.0967741935483871,0.0,0.1,0.06,16.0,8.8,0.0,0.0,0.06451612903225806,0.3,0.2,0.08,4.0,2.0,0.0,0.0,0.11290322580645161,0.0,0.1,0.1,13.0,6.666666666666667,0.0,0.0,0.11290322580645161,0.1,0.25,0.12,1.0,8.5,0.0,1.0,0.08064516129032258,0.0,0.05,0.1,12.0,8.25,0.0,0.0,0.06451612903225806,0.0,0.0,0.08,34.0,1.6666666666666667,0.0,0.0,0.11290322580645161,0.2,0.15,0.14,3.0,7.166666666666667,0.0,0.0,0.03225806451612903,0.1,0.1,0.04,0.0,12.0,1.0,1.0,0.12903225806451613,0.2,0.15,0.12,6.0,7.857142857142857,0.0,0.0,0.11290322580645161,0.1,0.1,0.12,4.0,7.833333333333333,0.0,0.0,0.11290322580645161,0.2,0.2,0.1,0.0,9.5,1.0,1.0,0.08064516129032258,0.0,0.1,0.06,10.0,11.25,0.0,0.0,0.12903225806451613,0.1,0.1,0.16,5.0,5.0,0.0,0.0,0.06451612903225806,0.0,0.0,0.04,43.0,6.0,0.0,0.0,0.14516129032258066,0.2,0.15,0.14,1.0,6.375,0.0,1.0,0.06451612903225806,0.0,0.0,0.08,20.0,8.666666666666666,0.0,0.0,0.12903225806451613,0.0,0.05,0.12,19.0,5.714285714285714,0.0,0.0,0.16129032258064516,0.1,0.2,0.16,6.0,5.555555555555555,0.0,0.0,0.0967741935483871,0.1,0.15,0.1,8.0,9.2,0.0,0.0,0.14516129032258066,0.4,0.2,0.14,0.0,7.375,1.0,1.0,0.0967741935483871,0.1,0.05,0.12,1.0,9.2,0.0,1.0,0.0967741935483871,0.1,0.1,0.12,6.0,6.6,0.0,0.0,0.08064516129032258,0.1,0.15,0.1,5.0,9.0,0.0,0.0,0.1935483870967742,0.3,0.25,0.2,2.0,5.363636363636363,0.0,0.0,0.0967741935483871,0.1,0.15,0.12,7.0,7.4,0.0,0.0,0.12903225806451613,0.0,0.05,0.12,18.0,6.142857142857143,0.0,0.0,0.0967741935483871,0.1,0.05,0.06,8.0,10.2,0.0,0.0,0.08064516129032258,0.0,0.0,0.08,27.0,8.5,0.0,0.0,0.16129032258064516,0.2,0.15,0.16,1.0,6.222222222222222,0.0,1.0,0.11290322580645161,0.0,0.15,0.1,11.0,7.666666666666667,0.0,0.0,0.04838709677419355,0.1,0.05,0.06,0.0,21.0,1.0,1.0,0.06451612903225806,0.1,0.05,0.08,9.0,9.666666666666666,0.0,0.0,0.0967741935483871,0.0,0.0,0.12,30.0,3.6,0.0,0.0,0.0967741935483871,0.2,0.1,0.1,3.0,11.2,0.0,0.0,0.16129032258064516,0.1,0.1,0.14,7.0,5.888888888888889,0.0,0.0,0.04838709677419355,0.1,0.1,0.06,0.0,24.5,1.0,1.0,0.04838709677419355,0.0,0.0,0.02,24.0,17.5,0.0,0.0,0.12903225806451613,0.3,0.25,0.14,3.0,7.571428571428571,0.0,0.0,0.12903225806451613,0.2,0.15,0.14,6.0,7.285714285714286,0.0,0.0,0.12903225806451613,0.2,0.15,0.12,3.0,8.142857142857142,0.0,0.0,0.08064516129032258,0.0,0.05,0.06,16.0,10.5,0.0,0.0,141.0,2.0,28.0,0.0,2.0,1.0,2.0,62.0,11.0,26.0,2.0,0,0,1,0,0,0,0,0,0,0,0,0,0,0,0,0,0,0,0,0,0,0,1,1,0,0,0,0,1,0,0,0,0,0,0,0,0,0,1,0,0,0,0,0,0,0,0,0
2025-12-03,0.14285714285714285,0.1,0.05,0.14,3.0,6.625,0.0,0.0,0.07936507936507936,0.1,0.05,0.06,7.0,11.0,0.0,0.0,0.09523809523809523,0.1,0.15,0.12,0.0,8.0,1.0,1.0,0.19047619047619047,0.2,0.15,0.14,5.0,5.090909090909091,0.0,0.0,0.07936507936507936,0.1,0.1,0.08,6.0,13.25,0.0,0.0,0.09523809523809523,0.1,0.1,0.1,2.0,11.4,0.0,0.0,0.09523809523809523,0.0,0.0,0.08,21.0,8.0,0.0,0.0,0.09523809523809523,0.0,0.05,0.06,17.0,8.8,0.0,0.0,0.06349206349206349,0.2,0.2,0.08,5.0,2.0,0.0,0.0,0.1111111111111111,0.0,0.1,0.1,14.0,6.666666666666667,0.0,0.0,0.1111111111111111,0.1,0.25,0.12,2.0,8.5,0.0,0.0,0.07936507936507936,0.0,0.05,0.1,13.0,8.25,0.0,0.0,0.06349206349206349,0.0,0.0,0.08,35.0,1.6666666666666667,0.0,0.0,0.1111111111111111,0.1,0.15,0.14,4.0,7.166666666666667,0.0,0.0,0.031746031746031744,0.1,0.1,0.04,1.0,12.0,0.0,1.0,0.12698412698412698,0.2,0.15,0.1,7.0,7.857142857142857,0.0,0.0,0.1111111111111111,0.1,0.1,0.1,5.0,7.833333333333333,0.0,0.0,0.1111111111111111,0.1,0.15,0.1,1.0,9.5,0.0,1.0,0.07936507936507936,0.0,0.1,0.06,11.0,11.25,0.0,0.0,0.12698412698412698,0.1,0.1,0.16,6.0,5.0,0.0,0.0,0.06349206349206349,0.0,0.0,0.04,44.0,6.0,0.0,0.0,0.14285714285714285,0.2,0.15,0.14,2.0,6.375,0.0,0.0,0.07936507936507936,0.1,0.05,0.1,0.0,11.75,1.0,1.0,0.14285714285714285,0.1,0.05,0.14,0.0,7.5,1.0,1.0,0.15873015873015872,0.1,0.2,0.16,7.0,5.555555555555555,0.0,0.0,0.09523809523809523,0.1,0.1,0.1,9.0,9.2,0.0,0.0,0.14285714285714285,0.4,0.2,0.14,1.0,7.375,0.0,1.0,0.09523809523809523,0.1,0.05,0.12,2.0,9.2,0.0,0.0,0.1111111111111111,0.2,0.15,0.14,0.0,6.666666666666667,1.0,1.0,0.07936507936507936,0.1,0.15,0.1,6.0,9.0,0.0,0.0,0.19047619047619047,0.3,0.25,0.2,3.0,5.363636363636363,0.0,0.0,0.09523809523809523,0.1,0.15,0.12,8.0,7.4,0.0,0.0,0.12698412698412698,0.0,0.05,0.12,19.0,6.142857142857143,0.0,0.0,0.09523809523809523,0.1,0.05,0.06,9.0,10.2,0.0,0.0,0.07936507936507936,0.0,0.0,0.08,28.0,8.5,0.0,0.0,0.15873015873015872,0.2,0.15,0.16,2.0,6.222222222222222,0.0,0.0,0.1111111111111111,0.0,0.15,0.1,12.0,7.666666666666667,0.0,0.0,0.047619047619047616,0.1,0.05,0.06,1.0,21.0,0.0,1.0,0.07936507936507936,0.1,0.1,0.1,0.0,9.75,1.0,1.0,0.09523809523809523,0.0,0.0,0.12,31.0,3.6,0.0,0.0,0.09523809523809523,0.1,0.1,0.1,4.0,11.2,0.0,0.0,0.15873015873015872,0.1,0.05,0.12,8.0,5.888888888888889,0.0,0.0,0.047619047619047616,0.1,0.1,0.04,1.0,24.5,0.0,1.0,0.047619047619047616,0.0,0.0,0.02,25.0,17.5,0.0,0.0,0.12698412698412698,0.3,0.25,0.14,4.0,7.571428571428571,0.0,0.0,0.12698412698412698,0.2,0.15,0.14,7.0,7.285714285714286,0.0,0.0,0.12698412698412698,0.2,0.15,0.12,4.0,8.142857142857142,0.0,0.0,0.07936507936507936,0.0,0.05,0.06,17.0,10.5,0.0,0.0,118.0,1.0,36.0,1.0,2.0,1.0,1.0,63.0,11.0,30.0,6.0,0,0,0,0,0,1,0,0,0,1,1,0,0,0,0,0,0,0,0,0,0,0,0,0,0,1,0,0,0,0,0,0,0,0,0,0,0,0,0,0,0,0,1,0,0,0,0,0
2025-12-07,0.140625,0.1,0.05,0.14,4.0,6.625,0.0,0.0,0.078125,0.1,0.05,0.06,8.0,11.0,0.0,0.0,0.09375,0.1,0.1,0.12,1.0,8.0,0.0,1.0,0.1875,0.2,0.15,0.12,6.0,5.090909090909091,0.0,0.0,0.078125,0.1,0.05,0.08,7.0,13.25,0.0,0.0,0.109375,0.2,0.15,0.12,0.0,10.0,1.0,1.0,0.09375,0.0,0.0,0.08,22.0,8.0,0.0,0.0,0.09375,0.0,0.05,0.06,18.0,8.8,0.0,0.0,0.0625,0.1,0.2,0.08,6.0,2.0,0.0,0.0,0.125,0.1,0.15,0.12,0.0,7.857142857142857,1.0,1.0,0.125,0.2,0.3,0.14,0.0,7.714285714285714,1.0,1.0,0.078125,0.0,0.05,0.1,14.0,8.25,0.0,0.0,0.0625,0.0,0.0,0.08,36.0,1.6666666666666667,0.0,0.0,0.109375,0.1,0.15,0.14,5.0,7.166666666666667,0.0,0.0,0.03125,0.1,0.1,0.04,2.0,12.0,0.0,0.0,0.125,0.1,0.15,0.1,8.0,7.857142857142857,0.0,0.0,0.109375,0.1,0.1,0.1,6.0,7.833333333333333,0.0,0.0,0.109375,0.1,0.15,0.08,2.0,9.5,0.0,0.0,0.078125,0.0,0.1,0.06,12.0,11.25,0.0,0.0,0.125,0.1,0.05,0.16,7.0,5.0,0.0,0.0,0.0625,0.0,0.0,0.04,45.0,6.0,0.0,0.0,0.140625,0.2,0.15,0.14,3.0,6.375,0.0,0.0,0.078125,0.1,0.05,0.1,1.0,11.75,0.0,1.0,0.140625,0.1,0.05,0.14,1.0,7.5,0.0,1.0,0.15625,0.1,0.2,0.16,8.0,5.555555555555555,0.0,0.0,0.109375,0.1,0.15,0.12,0.0,9.333333333333334,1.0,1.0,0.140625,0.4,0.2,0.14,2.0,7.375,0.0,0.0,0.09375,0.1,0.05,0.12,3.0,9.2,0.0,0.0,0.109375,0.2,0.15,0.14,1.0,6.666666666666667,0.0,1.0,0.078125,0.1,0.15,0.1,7.0,9.0,0.0,0.0,0.1875,0.3,0.25,0.2,4.0,5.363636363636363,0.0,0.0,0.09375,0.1,0.15,0.12,9.0,7.4,0.0,0.0,0.125,0.0,0.0,0.12,20.0,6.142857142857143,0.0,0.0,0.09375,0.0,0.05,0.06,10.0,10.2,0.0,0.0,0.078125,0.0,0.0,0.06,29.0,8.5,0.0,0.0,0.15625,0.2,0.15,0.16,3.0,6.222222222222222,0.0,0.0,0.109375,0.0,0.1,0.1,13.0,7.666666666666667,0.0,0.0,0.046875,0.1,0.05,0.06,2.0,21.0,0.0,0.0,0.078125,0.1,0.1,0.1,1.0,9.75,0.0,1.0,0.09375,0.0,0.0,0.1,32.0,3.6,0.0,0.0,0.09375,0.1,0.1,0.1,5.0,11.2,0.0,0.0,0.15625,0.1,0.05,0.12,9.0,5.888888888888889,0.0,0.0,0.0625,0.2,0.15,0.06,0.0,17.0,1.0,1.0,0.046875,0.0,0.0,0.02,26.0,17.5,0.0,0.0,0.125,0.3,0.25,0.12,5.0,7.571428571428571,0.0,0.0,0.125,0.1,0.15,0.14,8.0,7.285714285714286,0.0,0.0,0.125,0.2,0.15,0.12,5.0,8.142857142857142,0.0,0.0,0.078125,0.0,0.05,0.06,18.0,10.5,0.0,0.0,96.0,3.0,37.0,3.0,0.0,1.0,1.0,64.0,12.0,3.0,2.0,0,0,0,0,0,0,0,0,0,0,1,0,0,0,0,0,0,0,0,0,0,1,0,0,0,0,0,0,0,0,0,0,0,1,0,1,0,0,0,0,0,0,1,0,0,0,0,0
2025-12-10,0.13846153846153847,0.1,0.05,0.14,5.0,6.625,0.0,0.0,0.07692307692307693,0.1,0.05,0.06,9.0,11.0,0.0,0.0,0.09230769230769231,0.1,0.1,0.12,2.0,8.0,0.0,0.0,0.18461538461538463,0.1,0.15,0.12,7.0,5.090909090909091,0.0,0.0,0.07692307692307693,0.1,0.05,0.08,8.0,13.25,0.0,0.0,0.1076923076923077,0.2,0.1,0.12,1.0,10.0,0.0,1.0,0.09230769230769231,0.0,0.0,0.06,23.0,8.0,0.0,0.0,0.09230769230769231,0.0,0.05,0.06,19.0,8.8,0.0,0.0,0.06153846153846154,0.1,0.2,0.08,7.0,2.0,0.0,0.0,0.12307692307692308,0.1,0.1,0.12,1.0,7.857142857142857,0.0,1.0,0.13846153846153847,0.3,0.35,0.16,0.0,6.875,1.0,1.0,0.07692307692307693,0.0,0.05,0.1,15.0,8.25,0.0,0.0,0.06153846153846154,0.0,0.0,0.08,37.0,1.6666666666666667,0.0,0.0,0.1076923076923077,0.1,0.15,0.14,6.0,7.166666666666667,0.0,0.0,0.03076923076923077,0.1,0.1,0.04,3.0,12.0,0.0,0.0,0.12307692307692308,0.1,0.1,0.1,9.0,7.857142857142857,0.0,0.0,0.1076923076923077,0.1,0.1,0.1,7.0,7.833333333333333,0.0,0.0,0.1076923076923077,0.1,0.15,0.08,3.0,9.5,0.0,0.0,0.07692307692307693,0.0,0.1,0.06,13.0,11.25,0.0,0.0,0.12307692307692308,0.1,0.05,0.16,8.0,5.0,0.0,0.0,0.06153846153846154,0.0,0.0,0.02,46.0,6.0,0.0,0.0,0.15384615384615385,0.3,0.2,0.16,0.0,6.111111111111111,1.0,1.0,0.07692307692307693,0.1,0.05,0.1,2.0,11.75,0.0,0.0,0.13846153846153847,0.1,0.05,0.14,2.0,7.5,0.0,0.0,0.15384615384615385,0.1,0.2,0.16,9.0,5.555555555555555,0.0,0.0,0.1076923076923077,0.1,0.15,0.12,1.0,9.333333333333334,0.0,1.0,0.13846153846153847,0.3,0.2,0.14,3.0,7.375,0.0,0.0,0.09230769230769231,0.1,0.05,0.1,4.0,9.2,0.0,0.0,0.1076923076923077,0.2,0.15,0.14,2.0,6.666666666666667,0.0,0.0,0.07692307692307693,0.1,0.1,0.1,8.0,9.0,0.0,0.0,0.18461538461538463,0.2,0.25,0.2,5.0,5.363636363636363,0.0,0.0,0.09230769230769231,0.0,0.15,0.12,10.0,7.4,0.0,0.0,0.12307692307692308,0.0,0.0,0.12,21.0,6.142857142857143,0.0,0.0,0.1076923076923077,0.1,0.1,0.08,0.0,10.333333333333334,1.0,1.0,0.07692307692307693,0.0,0.0,0.04,30.0,8.5,0.0,0.0,0.16923076923076924,0.3,0.2,0.18,0.0,6.0,1.0,1.0,0.1076923076923077,0.0,0.1,0.1,14.0,7.666666666666667,0.0,0.0,0.046153846153846156,0.1,0.05,0.06,3.0,21.0,0.0,0.0,0.07692307692307693,0.1,0.1,0.1,2.0,9.75,0.0,0.0,0.09230769230769231,0.0,0.0,0.08,33.0,3.6,0.0,0.0,0.09230769230769231,0.1,0.1,0.1,6.0,11.2,0.0,0.0,0.15384615384615385,0.0,0.05,0.12,10.0,5.888888888888889,0.0,0.0,0.07692307692307693,0.3,0.2,0.08,0.0,13.0,1.0,1.0,0.046153846153846156,0.0,0.0,0.02,27.0,17.5,0.0,0.0,0.12307692307692308,0.3,0.2,0.12,6.0,7.571428571428571,0.0,0.0,0.12307692307692308,0.1,0.15,0.14,9.0,7.285714285714286,0.0,0.0,0.12307692307692308,0.2,0.15,0.12,6.0,8.142857142857142,0.0,0.0,0.07692307692307693,0.0,0.05,0.06,19.0,10.5,0.0,0.0,146.0,3.0,32.0,1.0,1.0,2.0,1.0,65.0,12.0,7.0,6.0,0,0,0,0,0,0,0,0,0,0,0,0,0,0,1,0,0,0,0,0,0,0,0,0,0,0,0,0,1,1,0,0,0,0,0,1,0,0,0,0,0,0,0,0,1,0,0,0
2025-12-14,0.13636363636363635,0.1,0.05,0.14,6.0,6.625,0.0,0.0,0.07575757575757576,0.0,0.05,0.06,10.0,11.0,0.0,0.0,0.09090909090909091,0.1,0.1,0.12,3.0,8.0,0.0,0.0,0.18181818181818182,0.1,0.15,0.12,8.0,5.090909090909091,0.0,0.0,0.07575757575757576,0.1,0.05,0.08,9.0,13.25,0.0,0.0,0.10606060606060606,0.2,0.1,0.12,2.0,10.0,0.0,0.0,0.09090909090909091,0.0,0.0,0.06,24.0,8.0,0.0,0.0,0.09090909090909091,0.0,0.0,0.04,20.0,8.8,0.0,0.0,0.06060606060606061,0.1,0.2,0.08,8.0,2.0,0.0,0.0,0.12121212121212122,0.1,0.1,0.12,2.0,7.857142857142857,0.0,0.0,0.13636363636363635,0.3,0.35,0.16,1.0,6.875,0.0,1.0,0.07575757575757576,0.0,0.05,0.1,16.0,8.25,0.0,0.0,0.06060606060606061,0.0,0.0,0.08,38.0,1.6666666666666667,0.0,0.0,0.10606060606060606,0.1,0.15,0.12,7.0,7.166666666666667,0.0,0.0,0.045454545454545456,0.2,0.15,0.06,0.0,8.0,1.0,1.0,0.12121212121212122,0.0,0.1,0.1,10.0,7.857142857142857,0.0,0.0,0.10606060606060606,0.1,0.1,0.08,8.0,7.833333333333333,0.0,0.0,0.10606060606060606,0.1,0.15,0.08,4.0,9.5,0.0,0.0,0.07575757575757576,0.0,0.1,0.06,14.0,11.25,0.0,0.0,0.12121212121212122,0.1,0.05,0.16,9.0,5.0,0.0,0.0,0.06060606060606061,0.0,0.0,0.02,47.0,6.0,0.0,0.0,0.15151515151515152,0.3,0.2,0.16,1.0,6.111111111111111,0.0,1.0,0.07575757575757576,0.1,0.05,0.08,3.0,11.75,0.0,0.0,0.13636363636363635,0.1,0.05,0.14,3.0,7.5,0.0,0.0,0.15151515151515152,0.0,0.2,0.16,10.0,5.555555555555555,0.0,0.0,0.10606060606060606,0.1,0.15,0.12,2.0,9.333333333333334,0.0,0.0,0.13636363636363635,0.3,0.2,0.14,4.0,7.375,0.0,0.0,0.09090909090909091,0.1,0.05,0.1,5.0,9.2,0.0,0.0,0.12121212121212122,0.2,0.2,0.16,0.0,6.142857142857143,1.0,1.0,0.09090909090909091,0.2,0.15,0.12,0.0,9.0,1.0,1.0,0.18181818181818182,0.2,0.25,0.2,6.0,5.363636363636363,0.0,0.0,0.09090909090909091,0.0,0.1,0.12,11.0,7.4,0.0,0.0,0.12121212121212122,0.0,0.0,0.12,22.0,6.142857142857143,0.0,0.0,0.10606060606060606,0.1,0.1,0.08,1.0,10.333333333333334,0.0,1.0,0.07575757575757576,0.0,0.0,0.04,31.0,8.5,0.0,0.0,0.18181818181818182,0.4,0.25,0.2,0.0,5.545454545454546,1.0,1.0,0.10606060606060606,0.0,0.1,0.1,15.0,7.666666666666667,0.0,0.0,0.045454545454545456,0.1,0.05,0.06,4.0,21.0,0.0,0.0,0.07575757575757576,0.1,0.1,0.1,3.0,9.75,0.0,0.0,0.09090909090909091,0.0,0.0,0.08,34.0,3.6,0.0,0.0,0.09090909090909091,0.1,0.1,0.08,7.0,11.2,0.0,0.0,0.15151515151515152,0.0,0.05,0.12,11.0,5.888888888888889,0.0,0.0,0.07575757575757576,0.3,0.2,0.08,1.0,13.0,0.0,1.0,0.045454545454545456,0.0,0.0,0.02,28.0,17.5,0.0,0.0,0.13636363636363635,0.4,0.2,0.14,0.0,7.5,1.0,1.0,0.12121212121212122,0.0,0.15,0.14,10.0,7.285714285714286,0.0,0.0,0.12121212121212122,0.2,0.1,0.12,7.0,8.142857142857142,0.0,0.0,0.07575757575757576,0.0,0.0,0.06,20.0,10.5,0.0,0.0,155.0,2.0,30.0,0.0,1.0,3.0,1.0,66.0,12.0,10.0,2.0,0,0,0,1,0,0,0,0,0,1,0,0,0,0,0,1,0,0,0,0,0,0,0,0,0,0,0,0,0,0,0,1,1,0,0,0,0,0,0,0,0,0,0,0,0,0,0,0
2025-12-17,0.13432835820895522,0.1,0.05,0.14,7.0,6.625,0.0,0.0,0.07462686567164178,0.0,0.05,0.06,11.0,11.0,0.0,0.0,0.08955223880597014,0.1,0.1,0.12,4.0,8.0,0.0,0.0,0.19402985074626866,0.2,0.15,0.14,0.0,5.416666666666667,1.0,1.0,0.07462686567164178,0.0,0.05,0.06,10.0,13.25,0.0,0.0,0.1044776119402985,0.2,0.1,0.1,3.0,10.0,0.0,0.0,0.08955223880597014,0.0,0.0,0.06,25.0,8.0,0.0,0.0,0.08955223880597014,0.0,0.0,0.04,21.0,8.8,0.0,0.0,0.05970149253731343,0.1,0.2,0.08,9.0,2.0,0.0,0.0,0.13432835820895522,0.2,0.15,0.14,0.0,7.25,1.0,1.0,0.13432835820895522,0.3,0.35,0.16,2.0,6.875,0.0,0.0,0.07462686567164178,0.0,0.05,0.08,17.0,8.25,0.0,0.0,0.05970149253731343,0.0,0.0,0.08,39.0,1.6666666666666667,0.0,0.0,0.1044776119402985,0.1,0.15,0.12,8.0,7.166666666666667,0.0,0.0,0.04477611940298507,0.2,0.15,0.06,1.0,8.0,0.0,1.0,0.13432835820895522,0.1,0.15,0.12,0.0,8.25,1.0,1.0,0.1044776119402985,0.1,0.1,0.08,9.0,7.833333333333333,0.0,0.0,0.1044776119402985,0.1,0.15,0.08,5.0,9.5,0.0,0.0,0.07462686567164178,0.0,0.05,0.06,15.0,11.25,0.0,0.0,0.11940298507462686,0.0,0.05,0.16,10.0,5.0,0.0,0.0,0.05970149253731343,0.0,0.0,0.02,48.0,6.0,0.0,0.0,0.14925373134328357,0.3,0.15,0.16,2.0,6.111111111111111,0.0,0.0,0.07462686567164178,0.1,0.05,0.08,4.0,11.75,0.0,0.0,0.13432835820895522,0.1,0.05,0.14,4.0,7.5,0.0,0.0,0.14925373134328357,0.0,0.2,0.16,11.0,5.555555555555555,0.0,0.0,0.1044776119402985,0.1,0.1,0.12,3.0,9.333333333333334,0.0,0.0,0.13432835820895522,0.3,0.2,0.14,5.0,7.375,0.0,0.0,0.08955223880597014,0.1,0.05,0.1,6.0,9.2,0.0,0.0,0.11940298507462686,0.2,0.2,0.16,1.0,6.142857142857143,0.0,1.0,0.08955223880597014,0.1,0.15,0.12,1.0,9.0,0.0,1.0,0.1791044776119403,0.1,0.25,0.2,7.0,5.363636363636363,0.0,0.0,0.1044776119402985,0.1,0.15,0.14,0.0,8.166666666666666,1.0,1.0,0.13432835820895522,0.1,0.05,0.14,0.0,8.25,1.0,1.0,0.1044776119402985,0.1,0.1,0.06,2.0,10.333333333333334,0.0,0.0,0.07462686567164178,0.0,0.0,0.04,32.0,8.5,0.0,0.0,0.1791044776119403,0.4,0.25,0.18,1.0,5.545454545454546,0.0,1.0,0.1044776119402985,0.0,0.05,0.1,16.0,7.666666666666667,0.0,0.0,0.04477611940298507,0.1,0.05,0.06,5.0,21.0,0.0,0.0,0.07462686567164178,0.1,0.1,0.1,4.0,9.75,0.0,0.0,0.08955223880597014,0.0,0.0,0.08,35.0,3.6,0.0,0.0,0.08955223880597014,0.1,0.1,0.08,8.0,11.2,0.0,0.0,0.14925373134328357,0.0,0.05,0.12,12.0,5.888888888888889,0.0,0.0,0.07462686567164178,0.3,0.2,0.08,2.0,13.0,0.0,0.0,0.04477611940298507,0.0,0.0,0.02,29.0,17.5,0.0,0.0,0.13432835820895522,0.3,0.2,0.14,1.0,7.5,0.0,1.0,0.11940298507462686,0.0,0.15,0.14,11.0,7.285714285714286,0.0,0.0,0.11940298507462686,0.2,0.1,0.12,8.0,8.142857142857142,0.0,0.0,0.07462686567164178,0.0,0.0,0.06,21.0,10.5,0.0,0.0,95.0,4.0,29.0,2.0,1.0,2.0,0.0,67.0,12.0,14.0,6.0,1,0,0,1,1,0,0,0,1,0,0,0,0,0,0,0,0,0,0,0,0,0,0,0,0,0,0,0,1,0,0,0,0,0,0,0,0,0,0,0,0,0,0,0,0,0,0,0
2025-12-21,0.14705882352941177,0.2,0.1,0.16,0.0,6.777777777777778,1.0,1.0,0.07352941176470588,0.0,0.05,0.06,12.0,11.0,0.0,0.0,0.08823529411764706,0.1,0.1,0.12,5.0,8.0,0.0,0.0,0.20588235294117646,0.2,0.2,0.16,0.0,5.076923076923077,1.0,1.0,0.08823529411764706,0.1,0.1,0.08,0.0,12.8,1.0,1.0,0.10294117647058823,0.2,0.1,0.1,4.0,10.0,0.0,0.0,0.08823529411764706,0.0,0.0,0.06,26.0,8.0,0.0,0.0,0.08823529411764706,0.0,0.0,0.04,22.0,8.8,0.0,0.0,0.07352941176470588,0.1,0.25,0.1,0.0,4.0,1.0,1.0,0.1323529411764706,0.2,0.15,0.12,1.0,7.25,0.0,1.0,0.1323529411764706,0.3,0.3,0.16,3.0,6.875,0.0,0.0,0.07352941176470588,0.0,0.05,0.08,18.0,8.25,0.0,0.0,0.058823529411764705,0.0,0.0,0.08,40.0,1.6666666666666667,0.0,0.0,0.10294117647058823,0.1,0.15,0.12,9.0,7.166666666666667,0.0,0.0,0.04411764705882353,0.2,0.15,0.06,2.0,8.0,0.0,0.0,0.1323529411764706,0.1,0.15,0.12,1.0,8.25,0.0,1.0,0.10294117647058823,0.0,0.1,0.08,10.0,7.833333333333333,0.0,0.0,0.10294117647058823,0.1,0.15,0.08,6.0,9.5,0.0,0.0,0.07352941176470588,0.0,0.05,0.06,16.0,11.25,0.0,0.0,0.11764705882352941,0.0,0.05,0.16,11.0,5.0,0.0,0.0,0.058823529411764705,0.0,0.0,0.02,49.0,6.0,0.0,0.0,0.14705882352941177,0.3,0.15,0.16,3.0,6.111111111111111,0.0,0.0,0.07352941176470588,0.1,0.05,0.08,5.0,11.75,0.0,0.0,0.1323529411764706,0.1,0.05,0.14,5.0,7.5,0.0,0.0,0.14705882352941177,0.0,0.15,0.16,12.0,5.555555555555555,0.0,0.0,0.10294117647058823,0.1,0.1,0.1,4.0,9.333333333333334,0.0,0.0,0.1323529411764706,0.3,0.2,0.14,6.0,7.375,0.0,0.0,0.08823529411764706,0.1,0.05,0.1,7.0,9.2,0.0,0.0,0.1323529411764706,0.3,0.2,0.18,0.0,5.625,1.0,1.0,0.08823529411764706,0.1,0.15,0.12,2.0,9.0,0.0,0.0,0.17647058823529413,0.1,0.25,0.2,8.0,5.363636363636363,0.0,0.0,0.10294117647058823,0.1,0.1,0.12,1.0,8.166666666666666,0.0,1.0,0.1323529411764706,0.1,0.05,0.12,1.0,8.25,0.0,1.0,0.10294117647058823,0.1,0.1,0.06,3.0,10.333333333333334,0.0,0.0,0.07352941176470588,0.0,0.0,0.04,33.0,8.5,0.0,0.0,0.17647058823529413,0.4,0.2,0.18,2.0,5.545454545454546,0.0,0.0,0.10294117647058823,0.0,0.05,0.1,17.0,7.666666666666667,0.0,0.0,0.04411764705882353,0.1,0.05,0.06,6.0,21.0,0.0,0.0,0.07352941176470588,0.1,0.1,0.1,5.0,9.75,0.0,0.0,0.08823529411764706,0.0,0.0,0.08,36.0,3.6,0.0,0.0,0.08823529411764706,0.1,0.1,0.08,9.0,11.2,0.0,0.0,0.14705882352941177,0.0,0.05,0.1,13.0,5.888888888888889,0.0,0.0,0.07352941176470588,0.3,0.2,0.08,3.0,13.0,0.0,0.0,0.04411764705882353,0.0,0.0,0.02,30.0,17.5,0.0,0.0,0.1323529411764706,0.2,0.2,0.14,2.0,7.5,0.0,0.0,0.11764705882352941,0.0,0.15,0.14,12.0,7.285714285714286,0.0,0.0,0.11764705882352941,0.1,0.1,0.12,9.0,8.142857142857142,0.0,0.0,0.07352941176470588,0.0,0.0,0.06,22.0,10.5,0.0,0.0,48.0,1.0,28.0,4.0,0.0,1.0,0.0,68.0,12.0,17.0,2.0,1,0,0,0,0,0,0,0,0,0,0,0,0,0,0,0,0,0,0,0,0,0,0,0,0,0,0,0,0,1,0,0,0,0,1,0,0,0,0,0,1,0,0,0,0,0,1,0
2025-12-24,0.15942028985507245,0.3,0.15,0.18,0.0,6.2,1.0,1.0,0.07246376811594203,0.0,0.05,0.06,13.0,11.0,0.0,0.0,0.08695652173913043,0.1,0.1,0.12,6.0,8.0,0.0,0.0,0.2028985507246377,0.2,0.2,0.14,1.0,5.076923076923077,0.0,1.0,0.08695652173913043,0.1,0.1,0.08,1.0,12.8,0.0,1.0,0.10144927536231885,0.2,0.1,0.1,5.0,10.0,0.0,0.0,0.08695652173913043,0.0,0.0,0.06,27.0,8.0,0.0,0.0,0.08695652173913043,0.0,0.0,0.04,23.0,8.8,0.0,0.0,0.07246376811594203,0.1,0.25,0.1,1.0,4.0,0.0,1.0,0.13043478260869565,0.2,0.1,0.12,2.0,7.25,0.0,0.0,0.13043478260869565,0.3,0.25,0.16,4.0,6.875,0.0,0.0,0.07246376811594203,0.0,0.05,0.08,19.0,8.25,0.0,0.0,0.057971014492753624,0.0,0.0,0.08,41.0,1.6666666666666667,0.0,0.0,0.10144927536231885,0.0,0.15,0.12,10.0,7.166666666666667,0.0,0.0,0.043478260869565216,0.2,0.15,0.06,3.0,8.0,0.0,0.0,0.13043478260869565,0.1,0.15,0.12,2.0,8.25,0.0,0.0,0.10144927536231885,0.0,0.05,0.06,11.0,7.833333333333333,0.0,0.0,0.10144927536231885,0.1,0.1,0.08,7.0,9.5,0.0,0.0,0.07246376811594203,0.0,0.05,0.06,17.0,11.25,0.0,0.0,0.11594202898550725,0.0,0.05,0.16,12.0,5.0,0.0,0.0,0.057971014492753624,0.0,0.0,0.0,50.0,6.0,0.0,0.0,0.14492753623188406,0.3,0.15,0.16,4.0,6.111111111111111,0.0,0.0,0.07246376811594203,0.1,0.05,0.08,6.0,11.75,0.0,0.0,0.13043478260869565,0.1,0.05,0.14,6.0,7.5,0.0,0.0,0.14492753623188406,0.0,0.1,0.16,13.0,5.555555555555555,0.0,0.0,0.10144927536231885,0.1,0.1,0.1,5.0,9.333333333333334,0.0,0.0,0.13043478260869565,0.2,0.2,0.14,7.0,7.375,0.0,0.0,0.08695652173913043,0.1,0.05,0.08,8.0,9.2,0.0,0.0,0.13043478260869565,0.3,0.2,0.18,1.0,5.625,0.0,1.0,0.10144927536231885,0.2,0.2,0.14,0.0,8.0,1.0,1.0,0.17391304347826086,0.1,0.25,0.18,9.0,5.363636363636363,0.0,0.0,0.10144927536231885,0.1,0.1,0.12,2.0,8.166666666666666,0.0,0.0,0.13043478260869565,0.1,0.05,0.12,2.0,8.25,0.0,0.0,0.10144927536231885,0.1,0.1,0.06,4.0,10.333333333333334,0.0,0.0,0.08695652173913043,0.1,0.05,0.06,0.0,13.6,1.0,1.0,0.17391304347826086,0.4,0.2,0.18,3.0,5.545454545454546,0.0,0.0,0.10144927536231885,0.0,0.05,0.1,18.0,7.666666666666667,0.0,0.0,0.043478260869565216,0.1,0.05,0.06,7.0,21.0,0.0,0.0,0.07246376811594203,0.1,0.1,0.1,6.0,9.75,0.0,0.0,0.08695652173913043,0.0,0.0,0.08,37.0,3.6,0.0,0.0,0.10144927536231885,0.1,0.15,0.1,0.0,11.0,1.0,1.0,0.14492753623188406,0.0,0.05,0.1,14.0,5.888888888888889,0.0,0.0,0.07246376811594203,0.3,0.2,0.08,4.0,13.0,0.0,0.0,0.043478260869565216,0.0,0.0,0.02,31.0,17.5,0.0,0.0,0.13043478260869565,0.1,0.2,0.14,3.0,7.5,0.0,0.0,0.11594202898550725,0.0,0.15,0.14,13.0,7.285714285714286,0.0,0.0,0.13043478260869565,0.1,0.15,0.14,0.0,8.375,1.0,1.0,0.07246376811594203,0.0,0.0,0.06,23.0,10.5,0.0,0.0,154.0,1.0,46.0,1.0,0.0,2.0,2.0,69.0,12.0,21.0,6.0,0,0,0,0,1,0,0,0,0,0,0,0,1,0,0,0,0,0,0,0,0,0,0,0,0,0,1,0,0,0,0,0,0,0,0,0,0,0,0,0,0,0,1,0,0,0,1,0
2025-12-28,0.15714285714285714,0.2,0.15,0.18,1.0,6.2,0.0,1.0,0.07142857142857142,0.0,0.05,0.06,14.0,11.0,0.0,0.0,0.08571428571428572,0.1,0.05,0.12,7.0,8.0,0.0,0.0,0.2,0.2,0.2,0.14,2.0,5.076923076923077,0.0,0.0,0.1,0.2,0.15,0.1,0.0,11.0,1.0,1.0,0.1,0.2,0.1,0.1,6.0,10.0,0.0,0.0,0.08571428571428572,0.0,0.0,0.06,28.0,8.0,0.0,0.0,0.08571428571428572,0.0,0.0,0.04,24.0,8.8,0.0,0.0,0.07142857142857142,0.1,0.25,0.1,2.0,4.0,0.0,0.0,0.12857142857142856,0.2,0.1,0.12,3.0,7.25,0.0,0.0,0.12857142857142856,0.3,0.2,0.16,5.0,6.875,0.0,0.0,0.07142857142857142,0.0,0.0,0.08,20.0,8.25,0.0,0.0,0.07142857142857142,0.1,0.05,0.1,0.0,11.75,1.0,1.0,0.1,0.0,0.1,0.12,11.0,7.166666666666667,0.0,0.0,0.04285714285714286,0.2,0.1,0.06,4.0,8.0,0.0,0.0,0.12857142857142856,0.1,0.15,0.12,3.0,8.25,0.0,0.0,0.1,0.0,0.05,0.04,12.0,7.833333333333333,0.0,0.0,0.1,0.1,0.1,0.08,8.0,9.5,0.0,0.0,0.07142857142857142,0.0,0.05,0.06,18.0,11.25,0.0,0.0,0.11428571428571428,0.0,0.05,0.16,13.0,5.0,0.0,0.0,0.05714285714285714,0.0,0.0,0.0,51.0,6.0,0.0,0.0,0.14285714285714285,0.2,0.15,0.16,5.0,6.111111111111111,0.0,0.0,0.07142857142857142,0.1,0.05,0.08,7.0,11.75,0.0,0.0,0.12857142857142856,0.1,0.05,0.12,7.0,7.5,0.0,0.0,0.14285714285714285,0.0,0.1,0.16,14.0,5.555555555555555,0.0,0.0,0.1,0.1,0.1,0.1,6.0,9.333333333333334,0.0,0.0,0.14285714285714285,0.2,0.25,0.16,0.0,7.444444444444445,1.0,1.0,0.08571428571428572,0.1,0.05,0.08,9.0,9.2,0.0,0.0,0.12857142857142856,0.3,0.2,0.18,2.0,5.625,0.0,0.0,0.1,0.2,0.2,0.14,1.0,8.0,0.0,1.0,0.17142857142857143,0.0,0.25,0.16,10.0,5.363636363636363,0.0,0.0,0.1,0.1,0.1,0.12,3.0,8.166666666666666,0.0,0.0,0.12857142857142856,0.1,0.05,0.12,3.0,8.25,0.0,0.0,0.1,0.1,0.1,0.06,5.0,10.333333333333334,0.0,0.0,0.08571428571428572,0.1,0.05,0.06,1.0,13.6,0.0,1.0,0.17142857142857143,0.3,0.2,0.18,4.0,5.545454545454546,0.0,0.0,0.1,0.0,0.05,0.08,19.0,7.666666666666667,0.0,0.0,0.04285714285714286,0.1,0.05,0.04,8.0,21.0,0.0,0.0,0.07142857142857142,0.1,0.1,0.1,7.0,9.75,0.0,0.0,0.08571428571428572,0.0,0.0,0.08,38.0,3.6,0.0,0.0,0.1,0.1,0.15,0.1,1.0,11.0,0.0,1.0,0.14285714285714285,0.0,0.05,0.1,15.0,5.888888888888889,0.0,0.0,0.08571428571428572,0.4,0.25,0.1,0.0,11.4,1.0,1.0,0.04285714285714286,0.0,0.0,0.02,32.0,17.5,0.0,0.0,0.12857142857142856,0.1,0.2,0.14,4.0,7.5,0.0,0.0,0.11428571428571428,0.0,0.15,0.14,14.0,7.285714285714286,0.0,0.0,0.14285714285714285,0.2,0.2,0.16,0.0,7.555555555555555,1.0,1.0,0.07142857142857142,0.0,0.0,0.06,24.0,10.5,0.0,0.0,135.0,0.0,42.0,1.0,1.0,1.0,2.0,70.0,12.0,24.0,2.0,0,0,0,0,0,0,0,0,0,0,0,0,0,0,0,0,1,0,0,0,0,0,0,0,0,0,0,0,0,0,0,0,0,1,1,0,0,0,0,1,0,0,1,0,0,0,0,0
2025-12-31,0.15492957746478872,0.2,0.15,0.16,2.0,6.2,0.0,0.0,0.07042253521126761,0.0,0.05,0.06,15.0,11.0,0.0,0.0,0.08450704225352113,0.1,0.05,0.12,8.0,8.0,0.0,0.0,0.19718309859154928,0.2,0.2,0.14,3.0,5.076923076923077,0.0,0.0,0.09859154929577464,0.2,0.15,0.1,1.0,11.0,0.0,1.0,0.09859154929577464,0.1,0.1,0.1,7.0,10.0,0.0,0.0,0.08450704225352113,0.0,0.0,0.06,29.0,8.0,0.0,0.0,0.08450704225352113,0.0,0.0,0.04,25.0,8.8,0.0,0.0,0.07042253521126761,0.1,0.25,0.1,3.0,4.0,0.0,0.0,0.1267605633802817,0.2,0.1,0.12,4.0,7.25,0.0,0.0,0.1267605633802817,0.2,0.15,0.16,6.0,6.875,0.0,0.0,0.07042253521126761,0.0,0.0,0.08,21.0,8.25,0.0,0.0,0.07042253521126761,0.1,0.05,0.1,1.0,11.75,0.0,1.0,0.09859154929577464,0.0,0.1,0.12,12.0,7.166666666666667,0.0,0.0,0.04225352112676056,0.2,0.1,0.06,5.0,8.0,0.0,0.0,0.1267605633802817,0.1,0.15,0.12,4.0,8.25,0.0,0.0,0.11267605633802817,0.1,0.1,0.06,0.0,8.571428571428571,1.0,1.0,0.09859154929577464,0.1,0.1,0.08,9.0,9.5,0.0,0.0,0.07042253521126761,0.0,0.05,0.06,19.0,11.25,0.0,0.0,0.11267605633802817,0.0,0.05,0.16,14.0,5.0,0.0,0.0,0.056338028169014086,0.0,0.0,0.0,52.0,6.0,0.0,0.0,0.14084507042253522,0.1,0.15,0.16,6.0,6.111111111111111,0.0,0.0,0.07042253521126761,0.1,0.05,0.08,8.0,11.75,0.0,0.0,0.1267605633802817,0.1,0.05,0.12,8.0,7.5,0.0,0.0,0.14084507042253522,0.0,0.1,0.16,15.0,5.555555555555555,0.0,0.0,0.09859154929577464,0.1,0.1,0.08,7.0,9.333333333333334,0.0,0.0,0.14084507042253522,0.2,0.25,0.16,1.0,7.444444444444445,0.0,1.0,0.08450704225352113,0.0,0.05,0.08,10.0,9.2,0.0,0.0,0.1267605633802817,0.3,0.2,0.18,3.0,5.625,0.0,0.0,0.09859154929577464,0.2,0.15,0.12,2.0,8.0,0.0,0.0,0.16901408450704225,0.0,0.2,0.16,11.0,5.363636363636363,0.0,0.0,0.09859154929577464,0.1,0.1,0.12,4.0,8.166666666666666,0.0,0.0,0.1267605633802817,0.1,0.05,0.12,4.0,8.25,0.0,0.0,0.11267605633802817,0.2,0.15,0.08,0.0,9.714285714285714,1.0,1.0,0.09859154929577464,0.2,0.1,0.08,0.0,11.666666666666666,1.0,1.0,0.16901408450704225,0.2,0.2,0.18,5.0,5.545454545454546,0.0,0.0,0.09859154929577464,0.0,0.0,0.08,20.0,7.666666666666667,0.0,0.0,0.04225352112676056,0.1,0.05,0.04,9.0,21.0,0.0,0.0,0.07042253521126761,0.1,0.1,0.1,8.0,9.75,0.0,0.0,0.09859154929577464,0.1,0.05,0.08,0.0,9.5,1.0,1.0,0.09859154929577464,0.1,0.15,0.1,2.0,11.0,0.0,0.0,0.14084507042253522,0.0,0.05,0.1,16.0,5.888888888888889,0.0,0.0,0.09859154929577464,0.5,0.3,0.12,0.0,9.666666666666666,1.0,1.0,0.04225352112676056,0.0,0.0,0.02,33.0,17.5,0.0,0.0,0.1267605633802817,0.1,0.2,0.14,5.0,7.5,0.0,0.0,0.11267605633802817,0.0,0.1,0.14,15.0,7.285714285714286,0.0,0.0,0.14084507042253522,0.2,0.2,0.16,1.0,7.555555555555555,0.0,1.0,0.07042253521126761,0.0,0.0,0.04,25.0,10.5,0.0,0.0,169.0,2.0,26.0,0.0,1.0,2.0,2.0,71.0,12.0,28.0,6.0,0,0,0,0,0,0,0,1,0,0,0,0,0,0,0,0,0,0,0,0,0,0,1,0,0,0,1,0,0,0,0,0,0,0,0,0,0,0,0,0,0,0,0,1,1,0,0,0
2026-01-04,0.1527777777777778,0.2,0.15,0.14,3.0,6.2,0.0,0.0,0.06944444444444445,0.0,0.05,0.06,16.0,11.0,0.0,0.0,0.08333333333333333,0.1,0.05,0.12,9.0,8.0,0.0,0.0,0.19444444444444445,0.2,0.2,0.12,4.0,5.076923076923077,0.0,0.0,0.09722222222222222,0.2,0.15,0.08,2.0,11.0,0.0,0.0,0.09722222222222222,0.1,0.1,0.1,8.0,10.0,0.0,0.0,0.08333333333333333,0.0,0.0,0.06,30.0,8.0,0.0,0.0,0.09722222222222222,0.1,0.05,0.06,0.0,11.666666666666666,1.0,1.0,0.06944444444444445,0.1,0.2,0.1,4.0,4.0,0.0,0.0,0.125,0.2,0.1,0.12,5.0,7.25,0.0,0.0,0.125,0.2,0.15,0.16,7.0,6.875,0.0,0.0,0.06944444444444445,0.0,0.0,0.08,22.0,8.25,0.0,0.0,0.06944444444444445,0.1,0.05,0.1,2.0,11.75,0.0,0.0,0.09722222222222222,0.0,0.1,0.12,13.0,7.166666666666667,0.0,0.0,0.041666666666666664,0.1,0.1,0.06,6.0,8.0,0.0,0.0,0.125,0.1,0.15,0.12,5.0,8.25,0.0,0.0,0.1111111111111111,0.1,0.1,0.06,1.0,8.571428571428571,0.0,1.0,0.09722222222222222,0.0,0.1,0.08,10.0,9.5,0.0,0.0,0.06944444444444445,0.0,0.0,0.06,20.0,11.25,0.0,0.0,0.1111111111111111,0.0,0.05,0.14,15.0,5.0,0.0,0.0,0.05555555555555555,0.0,0.0,0.0,53.0,6.0,0.0,0.0,0.1388888888888889,0.1,0.15,0.16,7.0,6.111111111111111,0.0,0.0,0.08333333333333333,0.2,0.1,0.1,0.0,11.2,1.0,1.0,0.125,0.1,0.05,0.1,9.0,7.5,0.0,0.0,0.1388888888888889,0.0,0.05,0.16,16.0,5.555555555555555,0.0,0.0,0.09722222222222222,0.1,0.1,0.08,8.0,9.333333333333334,0.0,0.0,0.1527777777777778,0.2,0.3,0.18,0.0,6.9,1.0,1.0,0.08333333333333333,0.0,0.05,0.08,11.0,9.2,0.0,0.0,0.125,0.3,0.2,0.18,4.0,5.625,0.0,0.0,0.09722222222222222,0.2,0.15,0.12,3.0,8.0,0.0,0.0,0.16666666666666666,0.0,0.15,0.16,12.0,5.363636363636363,0.0,0.0,0.09722222222222222,0.1,0.1,0.12,5.0,8.166666666666666,0.0,0.0,0.125,0.1,0.05,0.12,5.0,8.25,0.0,0.0,0.1111111111111111,0.2,0.15,0.08,1.0,9.714285714285714,0.0,1.0,0.09722222222222222,0.2,0.1,0.08,1.0,11.666666666666666,0.0,1.0,0.16666666666666666,0.2,0.2,0.18,6.0,5.545454545454546,0.0,0.0,0.09722222222222222,0.0,0.0,0.08,21.0,7.666666666666667,0.0,0.0,0.041666666666666664,0.0,0.05,0.04,10.0,21.0,0.0,0.0,0.06944444444444445,0.1,0.1,0.1,9.0,9.75,0.0,0.0,0.09722222222222222,0.1,0.05,0.08,1.0,9.5,0.0,1.0,0.09722222222222222,0.1,0.15,0.1,3.0,11.0,0.0,0.0,0.1388888888888889,0.0,0.05,0.1,17.0,5.888888888888889,0.0,0.0,0.09722222222222222,0.4,0.25,0.12,1.0,9.666666666666666,0.0,1.0,0.05555555555555555,0.1,0.05,0.04,0.0,23.0,1.0,1.0,0.1388888888888889,0.2,0.25,0.16,0.0,7.333333333333333,1.0,1.0,0.1111111111111111,0.0,0.1,0.14,16.0,7.285714285714286,0.0,0.0,0.1388888888888889,0.2,0.2,0.16,2.0,7.555555555555555,0.0,0.0,0.06944444444444445,0.0,0.0,0.04,26.0,10.5,0.0,0.0,147.0,2.0,37.0,1.0,1.0,1.0,2.0,72.0,12.0,31.0,2.0,1,0,0,0,0,1,0,0,0,0,0,1,0,0,0,0,0,0,1,0,0,0,0,0,0,0,0,0,0,0,0,1,0,0,0,0,0,0,0,0,0,0,0,0,0,0,0,0
2026-01-11,0.1643835616438356,0.3,0.2,0.16,0.0,6.0,1.0,1.0,0.0684931506849315,0.0,0.05,0.06,17.0,11.0,0.0,0.0,0.0821917808219178,0.0,0.05,0.1,10.0,8.0,0.0,0.0,0.1917808219178082,0.2,0.2,0.12,5.0,5.076923076923077,0.0,0.0,0.0958904109589041,0.2,0.15,0.08,3.0,11.0,0.0,0.0,0.1095890410958904,0.2,0.15,0.12,0.0,9.857142857142858,1.0,1.0,0.0821917808219178,0.0,0.0,0.06,31.0,8.0,0.0,0.0,0.0958904109589041,0.1,0.05,0.06,1.0,11.666666666666666,0.0,1.0,0.0684931506849315,0.1,0.15,0.1,5.0,4.0,0.0,0.0,0.1232876712328767,0.2,0.1,0.12,6.0,7.25,0.0,0.0,0.1232876712328767,0.2,0.15,0.16,8.0,6.875,0.0,0.0,0.0821917808219178,0.1,0.05,0.1,0.0,11.2,1.0,1.0,0.0684931506849315,0.1,0.05,0.08,3.0,11.75,0.0,0.0,0.0958904109589041,0.0,0.05,0.12,14.0,7.166666666666667,0.0,0.0,0.0410958904109589,0.1,0.1,0.06,7.0,8.0,0.0,0.0,0.1232876712328767,0.1,0.15,0.12,6.0,8.25,0.0,0.0,0.1095890410958904,0.1,0.1,0.06,2.0,8.571428571428571,0.0,0.0,0.0958904109589041,0.0,0.05,0.08,11.0,9.5,0.0,0.0,0.0821917808219178,0.1,0.05,0.08,0.0,13.2,1.0,1.0,0.1095890410958904,0.0,0.05,0.14,16.0,5.0,0.0,0.0,0.0547945205479452,0.0,0.0,0.0,54.0,6.0,0.0,0.0,0.136986301369863,0.1,0.15,0.16,8.0,6.111111111111111,0.0,0.0,0.0821917808219178,0.1,0.1,0.1,1.0,11.2,0.0,1.0,0.1232876712328767,0.0,0.05,0.1,10.0,7.5,0.0,0.0,0.136986301369863,0.0,0.05,0.16,17.0,5.555555555555555,0.0,0.0,0.0958904109589041,0.1,0.1,0.08,9.0,9.333333333333334,0.0,0.0,0.1506849315068493,0.2,0.3,0.18,1.0,6.9,0.0,1.0,0.0821917808219178,0.0,0.05,0.08,12.0,9.2,0.0,0.0,0.1232876712328767,0.2,0.2,0.16,5.0,5.625,0.0,0.0,0.0958904109589041,0.2,0.15,0.12,4.0,8.0,0.0,0.0,0.1643835616438356,0.0,0.15,0.16,13.0,5.363636363636363,0.0,0.0,0.1095890410958904,0.2,0.15,0.14,0.0,7.857142857142857,1.0,1.0,0.1232876712328767,0.1,0.05,0.12,6.0,8.25,0.0,0.0,0.1095890410958904,0.2,0.15,0.08,2.0,9.714285714285714,0.0,0.0,0.0958904109589041,0.2,0.1,0.08,2.0,11.666666666666666,0.0,0.0,0.1643835616438356,0.2,0.2,0.16,7.0,5.545454545454546,0.0,0.0,0.0958904109589041,0.0,0.0,0.08,22.0,7.666666666666667,0.0,0.0,0.0410958904109589,0.0,0.05,0.04,11.0,21.0,0.0,0.0,0.0684931506849315,0.0,0.05,0.1,10.0,9.75,0.0,0.0,0.0958904109589041,0.1,0.05,0.08,2.0,9.5,0.0,0.0,0.0958904109589041,0.1,0.1,0.08,4.0,11.0,0.0,0.0,0.136986301369863,0.0,0.05,0.1,18.0,5.888888888888889,0.0,0.0,0.0958904109589041,0.4,0.25,0.12,2.0,9.666666666666666,0.0,0.0,0.0547945205479452,0.1,0.05,0.04,1.0,23.0,0.0,1.0,0.136986301369863,0.2,0.25,0.16,1.0,7.333333333333333,0.0,1.0,0.1095890410958904,0.0,0.1,0.14,17.0,7.285714285714286,0.0,0.0,0.136986301369863,0.2,0.2,0.16,3.0,7.555555555555555,0.0,0.0,0.0684931506849315,0.0,0.0,0.04,27.0,10.5,0.0,0.0,70.0,3.0,31.0,3.0,1.0,1.0,0.0,73.0,1.0,4.0,6.0,0,0,0,0,0,1,0,1,0,0,0,0,0,0,0,0,0,0,0,0,0,0,0,0,0,0,0,0,0,0,0,0,0,1,0,1,0,0,1,0,0,0,0,0,0,0,0,0
2026-01-14,0.16216216216216217,0.3,0.2,0.16,1.0,6.0,0.0,1.0,0.06756756756756757,0.0,0.05,0.06,18.0,11.0,0.0,0.0,0.08108108108108109,0.0,0.05,0.1,11.0,8.0,0.0,0.0,0.1891891891891892,0.2,0.2,0.12,6.0,5.076923076923077,0.0,0.0,0.0945945945945946,0.2,0.15,0.08,4.0,11.0,0.0,0.0,0.12162162162162163,0.2,0.2,0.14,0.0,8.75,1.0,1.0,0.08108108108108109,0.0,0.0,0.06,32.0,8.0,0.0,0.0,0.10810810810810811,0.2,0.1,0.08,0.0,10.285714285714286,1.0,1.0,0.06756756756756757,0.1,0.1,0.1,6.0,4.0,0.0,0.0,0.12162162162162163,0.1,0.1,0.12,7.0,7.25,0.0,0.0,0.12162162162162163,0.1,0.15,0.16,9.0,6.875,0.0,0.0,0.08108108108108109,0.1,0.05,0.1,1.0,11.2,0.0,1.0,0.06756756756756757,0.1,0.05,0.08,4.0,11.75,0.0,0.0,0.0945945945945946,0.0,0.05,0.12,15.0,7.166666666666667,0.0,0.0,0.04054054054054054,0.1,0.1,0.06,8.0,8.0,0.0,0.0,0.12162162162162163,0.1,0.1,0.12,7.0,8.25,0.0,0.0,0.10810810810810811,0.1,0.1,0.06,3.0,8.571428571428571,0.0,0.0,0.0945945945945946,0.0,0.05,0.08,12.0,9.5,0.0,0.0,0.08108108108108109,0.1,0.05,0.08,1.0,13.2,0.0,1.0,0.10810810810810811,0.0,0.05,0.12,17.0,5.0,0.0,0.0,0.05405405405405406,0.0,0.0,0.0,55.0,6.0,0.0,0.0,0.13513513513513514,0.1,0.15,0.16,9.0,6.111111111111111,0.0,0.0,0.08108108108108109,0.1,0.1,0.08,2.0,11.2,0.0,0.0,0.12162162162162163,0.0,0.05,0.08,11.0,7.5,0.0,0.0,0.13513513513513514,0.0,0.05,0.16,18.0,5.555555555555555,0.0,0.0,0.0945945945945946,0.0,0.05,0.08,10.0,9.333333333333334,0.0,0.0,0.14864864864864866,0.2,0.3,0.18,2.0,6.9,0.0,0.0,0.08108108108108109,0.0,0.05,0.08,13.0,9.2,0.0,0.0,0.12162162162162163,0.2,0.2,0.16,6.0,5.625,0.0,0.0,0.0945945945945946,0.2,0.15,0.12,5.0,8.0,0.0,0.0,0.16216216216216217,0.0,0.15,0.16,14.0,5.363636363636363,0.0,0.0,0.10810810810810811,0.2,0.15,0.14,1.0,7.857142857142857,0.0,1.0,0.12162162162162163,0.1,0.05,0.12,7.0,8.25,0.0,0.0,0.12162162162162163,0.3,0.15,0.1,0.0,8.875,1.0,1.0,0.0945945945945946,0.2,0.1,0.08,3.0,11.666666666666666,0.0,0.0,0.17567567567567569,0.3,0.25,0.18,0.0,5.75,1.0,1.0,0.0945945945945946,0.0,0.0,0.08,23.0,7.666666666666667,0.0,0.0,0.04054054054054054,0.0,0.05,0.04,12.0,21.0,0.0,0.0,0.08108108108108109,0.1,0.1,0.1,0.0,10.0,1.0,1.0,0.0945945945945946,0.1,0.05,0.08,3.0,9.5,0.0,0.0,0.0945945945945946,0.1,0.1,0.08,5.0,11.0,0.0,0.0,0.13513513513513514,0.0,0.05,0.08,19.0,5.888888888888889,0.0,0.0,0.0945945945945946,0.3,0.25,0.12,3.0,9.666666666666666,0.0,0.0,0.05405405405405406,0.1,0.05,0.04,2.0,23.0,0.0,0.0,0.13513513513513514,0.2,0.25,0.16,2.0,7.333333333333333,0.0,0.0,0.10810810810810811,0.0,0.05,0.14,18.0,7.285714285714286,0.0,0.0,0.13513513513513514,0.2,0.2,0.16,4.0,7.555555555555555,0.0,0.0,0.06756756756756757,0.0,0.0,0.04,28.0,10.5,0.0,0.0,123.0,4.0,33.0,2.0,0.0,2.0,1.0,74.0,1.0,11.0,6.0,1,0,0,0,0,0,0,0,0,0,0,0,0,0,0,0,0,0,0,0,1,0,0,0,1,0,1,0,0,0,0,0,0,0,1,0,0,0,0,0,0,0,0,0,0,0,0,0
2026-01-18,0.17333333333333334,0.4,0.25,0.18,0.0,5.666666666666667,1.0,1.0,0.06666666666666667,0.0,0.05,0.06,19.0,11.0,0.0,0.0,0.08,0.0,0.05,0.1,12.0,8.0,0.0,0.0,0.18666666666666668,0.2,0.15,0.12,7.0,5.076923076923077,0.0,0.0,0.09333333333333334,0.2,0.15,0.08,5.0,11.0,0.0,0.0,0.12,0.2,0.2,0.14,1.0,8.75,0.0,1.0,0.08,0.0,0.0,0.06,33.0,8.0,0.0,0.0,0.10666666666666667,0.2,0.1,0.08,1.0,10.285714285714286,0.0,1.0,0.06666666666666667,0.1,0.1,0.1,7.0,4.0,0.0,0.0,0.12,0.1,0.1,0.12,8.0,7.25,0.0,0.0,0.12,0.0,0.15,0.16,10.0,6.875,0.0,0.0,0.08,0.1,0.05,0.1,2.0,11.2,0.0,0.0,0.06666666666666667,0.1,0.05,0.08,5.0,11.75,0.0,0.0,0.09333333333333334,0.0,0.05,0.12,16.0,7.166666666666667,0.0,0.0,0.04,0.1,0.1,0.06,9.0,8.0,0.0,0.0,0.12,0.1,0.1,0.12,8.0,8.25,0.0,0.0,0.10666666666666667,0.1,0.1,0.06,4.0,8.571428571428571,0.0,0.0,0.09333333333333334,0.0,0.05,0.08,13.0,9.5,0.0,0.0,0.08,0.1,0.05,0.08,2.0,13.2,0.0,0.0,0.10666666666666667,0.0,0.05,0.12,18.0,5.0,0.0,0.0,0.06666666666666667,0.1,0.05,0.02,0.0,18.5,1.0,1.0,0.13333333333333333,0.0,0.15,0.14,10.0,6.111111111111111,0.0,0.0,0.08,0.1,0.1,0.08,3.0,11.2,0.0,0.0,0.12,0.0,0.05,0.08,12.0,7.5,0.0,0.0,0.14666666666666667,0.1,0.1,0.16,0.0,6.9,1.0,1.0,0.09333333333333334,0.0,0.05,0.08,11.0,9.333333333333334,0.0,0.0,0.16,0.3,0.3,0.2,0.0,6.545454545454546,1.0,1.0,0.08,0.0,0.05,0.06,14.0,9.2,0.0,0.0,0.12,0.2,0.2,0.16,7.0,5.625,0.0,0.0,0.09333333333333334,0.2,0.15,0.12,6.0,8.0,0.0,0.0,0.16,0.0,0.1,0.16,15.0,5.363636363636363,0.0,0.0,0.10666666666666667,0.2,0.1,0.14,2.0,7.857142857142857,0.0,0.0,0.12,0.1,0.05,0.12,8.0,8.25,0.0,0.0,0.12,0.2,0.15,0.08,1.0,8.875,0.0,1.0,0.10666666666666667,0.3,0.15,0.08,0.0,10.571428571428571,1.0,1.0,0.17333333333333334,0.2,0.25,0.18,1.0,5.75,0.0,1.0,0.09333333333333334,0.0,0.0,0.08,24.0,7.666666666666667,0.0,0.0,0.04,0.0,0.05,0.04,13.0,21.0,0.0,0.0,0.08,0.1,0.1,0.1,1.0,10.0,0.0,1.0,0.09333333333333334,0.1,0.05,0.08,4.0,9.5,0.0,0.0,0.09333333333333334,0.1,0.1,0.08,6.0,11.0,0.0,0.0,0.13333333333333333,0.0,0.0,0.08,20.0,5.888888888888889,0.0,0.0,0.09333333333333334,0.2,0.25,0.12,4.0,9.666666666666666,0.0,0.0,0.05333333333333334,0.1,0.05,0.04,3.0,23.0,0.0,0.0,0.13333333333333333,0.2,0.25,0.16,3.0,7.333333333333333,0.0,0.0,0.10666666666666667,0.0,0.05,0.14,19.0,7.285714285714286,0.0,0.0,0.13333333333333333,0.2,0.2,0.16,5.0,7.555555555555555,0.0,0.0,0.06666666666666667,0.0,0.0,0.04,29.0,10.5,0.0,0.0,109.0,0.0,34.0,1.0,1.0,3.0,0.0,75.0,1.0,14.0,2.0,0,0,0,0,1,0,0,0,0,0,0,0,0,1,0,0,0,0,0,1,0,0,0,0,0,0,0,0,0,0,0,0,0,0,0,0,0,0,0,1,0,0,1,0,0,0,0,0
2026-01-25,0.17105263157894737,0.4,0.25,0.18,1.0,5.666666666666667,0.0,1.0,0.06578947368421052,0.0,0.0,0.06,20.0,11.0,0.0,0.0,0.07894736842105263,0.0,0.05,0.1,13.0,8.0,0.0,0.0,0.18421052631578946,0.2,0.15,0.12,8.0,5.076923076923077,0.0,0.0,0.10526315789473684,0.3,0.2,0.1,0.0,10.285714285714286,1.0,1.0,0.11842105263157894,0.2,0.2,0.14,2.0,8.75,0.0,0.0,0.07894736842105263,0.0,0.0,0.06,34.0,8.0,0.0,0.0,0.10526315789473684,0.2,0.1,0.08,2.0,10.285714285714286,0.0,0.0,0.06578947368421052,0.1,0.1,0.1,8.0,4.0,0.0,0.0,0.11842105263157894,0.1,0.1,0.12,9.0,7.25,0.0,0.0,0.11842105263157894,0.0,0.15,0.16,11.0,6.875,0.0,0.0,0.07894736842105263,0.1,0.05,0.08,3.0,11.2,0.0,0.0,0.06578947368421052,0.1,0.05,0.06,6.0,11.75,0.0,0.0,0.10526315789473684,0.1,0.1,0.14,0.0,8.571428571428571,1.0,1.0,0.039473684210526314,0.0,0.1,0.06,10.0,8.0,0.0,0.0,0.11842105263157894,0.1,0.05,0.12,9.0,8.25,0.0,0.0,0.10526315789473684,0.1,0.1,0.06,5.0,8.571428571428571,0.0,0.0,0.09210526315789473,0.0,0.05,0.08,14.0,9.5,0.0,0.0,0.07894736842105263,0.1,0.05,0.08,3.0,13.2,0.0,0.0,0.11842105263157894,0.1,0.1,0.14,0.0,6.75,1.0,1.0,0.06578947368421052,0.1,0.05,0.02,1.0,18.5,0.0,1.0,0.13157894736842105,0.0,0.15,0.14,11.0,6.111111111111111,0.0,0.0,0.07894736842105263,0.1,0.1,0.06,4.0,11.2,0.0,0.0,0.11842105263157894,0.0,0.05,0.08,13.0,7.5,0.0,0.0,0.14473684210526316,0.1,0.05,0.16,1.0,6.9,0.0,1.0,0.09210526315789473,0.0,0.05,0.08,12.0,9.333333333333334,0.0,0.0,0.15789473684210525,0.3,0.3,0.2,1.0,6.545454545454546,0.0,1.0,0.07894736842105263,0.0,0.05,0.06,15.0,9.2,0.0,0.0,0.11842105263157894,0.1,0.15,0.14,8.0,5.625,0.0,0.0,0.09210526315789473,0.1,0.15,0.12,7.0,8.0,0.0,0.0,0.15789473684210525,0.0,0.1,0.16,16.0,5.363636363636363,0.0,0.0,0.10526315789473684,0.2,0.1,0.12,3.0,7.857142857142857,0.0,0.0,0.11842105263157894,0.1,0.05,0.12,9.0,8.25,0.0,0.0,0.11842105263157894,0.2,0.15,0.08,2.0,8.875,0.0,0.0,0.10526315789473684,0.3,0.15,0.08,1.0,10.571428571428571,0.0,1.0,0.17105263157894737,0.1,0.25,0.18,2.0,5.75,0.0,0.0,0.09210526315789473,0.0,0.0,0.08,25.0,7.666666666666667,0.0,0.0,0.039473684210526314,0.0,0.05,0.04,14.0,21.0,0.0,0.0,0.07894736842105263,0.1,0.1,0.1,2.0,10.0,0.0,0.0,0.10526315789473684,0.2,0.1,0.1,0.0,8.857142857142858,1.0,1.0,0.09210526315789473,0.1,0.1,0.08,7.0,11.0,0.0,0.0,0.13157894736842105,0.0,0.0,0.08,21.0,5.888888888888889,0.0,0.0,0.10526315789473684,0.3,0.3,0.14,0.0,9.0,1.0,1.0,0.05263157894736842,0.1,0.05,0.04,4.0,23.0,0.0,0.0,0.13157894736842105,0.1,0.25,0.16,4.0,7.333333333333333,0.0,0.0,0.10526315789473684,0.0,0.0,0.14,20.0,7.285714285714286,0.0,0.0,0.13157894736842105,0.2,0.2,0.16,6.0,7.555555555555555,0.0,0.0,0.06578947368421052,0.0,0.0,0.04,30.0,10.5,0.0,0.0,122.0,3.0,38.0,1.0,2.0,0.0,2.0,76.0,1.0,18.0,6.0,1,0,1,1,0,0,0,0,0,0,0,0,0,0,0,0,0,0,0,0,0,0,0,0,1,0,0,0,0,0,0,1,0,0,0,0,0,0,0,0,0,0,0,0,0,0,0,0
2026-01-28,0.18181818181818182,0.5,0.3,0.2,0.0,5.384615384615385,1.0,1.0,0.06493506493506493,0.0,0.0,0.06,21.0,11.0,0.0,0.0,0.09090909090909091,0.1,0.1,0.1,0.0,9.0,1.0,1.0,0.19480519480519481,0.2,0.2,0.14,0.0,5.357142857142857,1.0,1.0,0.1038961038961039,0.3,0.15,0.1,1.0,10.285714285714286,0.0,1.0,0.11688311688311688,0.2,0.2,0.14,3.0,8.75,0.0,0.0,0.07792207792207792,0.0,0.0,0.04,35.0,8.0,0.0,0.0,0.1038961038961039,0.2,0.1,0.08,3.0,10.285714285714286,0.0,0.0,0.06493506493506493,0.1,0.1,0.1,9.0,4.0,0.0,0.0,0.11688311688311688,0.0,0.1,0.12,10.0,7.25,0.0,0.0,0.11688311688311688,0.0,0.15,0.16,12.0,6.875,0.0,0.0,0.07792207792207792,0.1,0.05,0.06,4.0,11.2,0.0,0.0,0.06493506493506493,0.1,0.05,0.04,7.0,11.75,0.0,0.0,0.1038961038961039,0.1,0.1,0.14,1.0,8.571428571428571,0.0,1.0,0.03896103896103896,0.0,0.1,0.06,11.0,8.0,0.0,0.0,0.11688311688311688,0.0,0.05,0.12,10.0,8.25,0.0,0.0,0.1038961038961039,0.1,0.1,0.06,6.0,8.571428571428571,0.0,0.0,0.09090909090909091,0.0,0.05,0.08,15.0,9.5,0.0,0.0,0.07792207792207792,0.1,0.05,0.08,4.0,13.2,0.0,0.0,0.11688311688311688,0.1,0.05,0.14,1.0,6.75,0.0,1.0,0.06493506493506493,0.1,0.05,0.02,2.0,18.5,0.0,0.0,0.12987012987012986,0.0,0.15,0.14,12.0,6.111111111111111,0.0,0.0,0.07792207792207792,0.1,0.1,0.06,5.0,11.2,0.0,0.0,0.11688311688311688,0.0,0.05,0.08,14.0,7.5,0.0,0.0,0.15584415584415584,0.2,0.1,0.18,0.0,6.454545454545454,1.0,1.0,0.09090909090909091,0.0,0.05,0.08,13.0,9.333333333333334,0.0,0.0,0.15584415584415584,0.3,0.3,0.2,2.0,6.545454545454546,0.0,0.0,0.07792207792207792,0.0,0.05,0.06,16.0,9.2,0.0,0.0,0.11688311688311688,0.1,0.15,0.12,9.0,5.625,0.0,0.0,0.09090909090909091,0.1,0.1,0.12,8.0,8.0,0.0,0.0,0.15584415584415584,0.0,0.05,0.16,17.0,5.363636363636363,0.0,0.0,0.11688311688311688,0.2,0.15,0.14,0.0,7.375,1.0,1.0,0.11688311688311688,0.0,0.05,0.12,10.0,8.25,0.0,0.0,0.11688311688311688,0.2,0.15,0.08,3.0,8.875,0.0,0.0,0.1038961038961039,0.3,0.15,0.08,2.0,10.571428571428571,0.0,0.0,0.16883116883116883,0.1,0.25,0.18,3.0,5.75,0.0,0.0,0.09090909090909091,0.0,0.0,0.08,26.0,7.666666666666667,0.0,0.0,0.03896103896103896,0.0,0.05,0.04,15.0,21.0,0.0,0.0,0.07792207792207792,0.1,0.1,0.1,3.0,10.0,0.0,0.0,0.1038961038961039,0.2,0.1,0.1,1.0,8.857142857142858,0.0,1.0,0.09090909090909091,0.1,0.1,0.08,8.0,11.0,0.0,0.0,0.12987012987012986,0.0,0.0,0.08,22.0,5.888888888888889,0.0,0.0,0.1038961038961039,0.3,0.3,0.14,1.0,9.0,0.0,1.0,0.05194805194805195,0.1,0.05,0.04,5.0,23.0,0.0,0.0,0.12987012987012986,0.1,0.2,0.16,5.0,7.333333333333333,0.0,0.0,0.1038961038961039,0.0,0.0,0.14,21.0,7.285714285714286,0.0,0.0,0.12987012987012986,0.2,0.2,0.16,7.0,7.555555555555555,0.0,0.0,0.06493506493506493,0.0,0.0,0.04,31.0,10.5,0.0,0.0,65.0,2.0,31.0,3.0,0.0,2.0,0.0,77.0,1.0,25.0,6.0,0,0,0,0,0,0,0,0,0,0,0,0,0,0,0,0,0,0,0,0,0,0,0,1,0,0,0,0,0,0,0,0,0,0,1,0,0,0,1,0,0,0,0,0,1,0,1,0
2026-02-01,0.1794871794871795,0.4,0.3,0.2,1.0,5.384615384615385,0.0,1.0,0.0641025641025641,0.0,0.0,0.06,22.0,11.0,0.0,0.0,0.08974358974358974,0.1,0.1,0.1,1.0,9.0,0.0,1.0,0.19230769230769232,0.1,0.15,0.14,1.0,5.357142857142857,0.0,1.0,0.10256410256410256,0.2,0.15,0.1,2.0,10.285714285714286,0.0,0.0,0.11538461538461539,0.2,0.2,0.14,4.0,8.75,0.0,0.0,0.07692307692307693,0.0,0.0,0.04,36.0,8.0,0.0,0.0,0.10256410256410256,0.2,0.1,0.08,4.0,10.285714285714286,0.0,0.0,0.0641025641025641,0.0,0.05,0.1,10.0,4.0,0.0,0.0,0.11538461538461539,0.0,0.1,0.12,11.0,7.25,0.0,0.0,0.11538461538461539,0.0,0.15,0.16,13.0,6.875,0.0,0.0,0.07692307692307693,0.1,0.05,0.06,5.0,11.2,0.0,0.0,0.0641025641025641,0.1,0.05,0.02,8.0,11.75,0.0,0.0,0.10256410256410256,0.1,0.1,0.14,2.0,8.571428571428571,0.0,0.0,0.038461538461538464,0.0,0.1,0.06,12.0,8.0,0.0,0.0,0.11538461538461539,0.0,0.05,0.12,11.0,8.25,0.0,0.0,0.10256410256410256,0.1,0.05,0.06,7.0,8.571428571428571,0.0,0.0,0.08974358974358974,0.0,0.05,0.08,16.0,9.5,0.0,0.0,0.07692307692307693,0.1,0.05,0.08,5.0,13.2,0.0,0.0,0.11538461538461539,0.1,0.05,0.14,2.0,6.75,0.0,0.0,0.0641025641025641,0.1,0.05,0.02,3.0,18.5,0.0,0.0,0.1282051282051282,0.0,0.15,0.14,13.0,6.111111111111111,0.0,0.0,0.07692307692307693,0.1,0.1,0.06,6.0,11.2,0.0,0.0,0.1282051282051282,0.1,0.1,0.1,0.0,8.333333333333334,1.0,1.0,0.15384615384615385,0.2,0.1,0.18,1.0,6.454545454545454,0.0,1.0,0.08974358974358974,0.0,0.05,0.08,14.0,9.333333333333334,0.0,0.0,0.15384615384615385,0.3,0.3,0.2,3.0,6.545454545454546,0.0,0.0,0.07692307692307693,0.0,0.05,0.06,17.0,9.2,0.0,0.0,0.11538461538461539,0.0,0.15,0.12,10.0,5.625,0.0,0.0,0.08974358974358974,0.1,0.1,0.1,9.0,8.0,0.0,0.0,0.15384615384615385,0.0,0.05,0.14,18.0,5.363636363636363,0.0,0.0,0.11538461538461539,0.2,0.15,0.14,1.0,7.375,0.0,1.0,0.11538461538461539,0.0,0.05,0.12,11.0,8.25,0.0,0.0,0.11538461538461539,0.2,0.15,0.08,4.0,8.875,0.0,0.0,0.11538461538461539,0.4,0.2,0.1,0.0,9.625,1.0,1.0,0.16666666666666666,0.1,0.25,0.18,4.0,5.75,0.0,0.0,0.08974358974358974,0.0,0.0,0.08,27.0,7.666666666666667,0.0,0.0,0.038461538461538464,0.0,0.05,0.04,16.0,21.0,0.0,0.0,0.08974358974358974,0.2,0.15,0.12,0.0,9.0,1.0,1.0,0.10256410256410256,0.2,0.1,0.1,2.0,8.857142857142858,0.0,0.0,0.08974358974358974,0.1,0.1,0.08,9.0,11.0,0.0,0.0,0.1282051282051282,0.0,0.0,0.08,23.0,5.888888888888889,0.0,0.0,0.10256410256410256,0.3,0.3,0.14,2.0,9.0,0.0,0.0,0.05128205128205128,0.1,0.05,0.04,6.0,23.0,0.0,0.0,0.14102564102564102,0.2,0.2,0.16,0.0,7.2,1.0,1.0,0.10256410256410256,0.0,0.0,0.12,22.0,7.285714285714286,0.0,0.0,0.14102564102564102,0.3,0.2,0.18,0.0,7.6,1.0,1.0,0.0641025641025641,0.0,0.0,0.04,32.0,10.5,0.0,0.0,190.0,1.0,23.0,0.0,1.0,1.0,3.0,78.0,1.0,28.0,2.0,0,0,0,0,0,1,0,0,0,0,0,1,0,0,0,1,0,0,1,0,0,0,0,0,1,0,0,0,0,0,0,0,0,0,0,0,0,0,0,0,0,0,0,0,0,0,0,0
2026-02-04,0.17721518987341772,0.3,0.3,0.18,2.0,5.384615384615385,0.0,0.0,0.06329113924050633,0.0,0.0,0.06,23.0,11.0,0.0,0.0,0.08860759493670886,0.1,0.1,0.1,2.0,9.0,0.0,0.0,0.189873417721519,0.1,0.15,0.14,2.0,5.357142857142857,0.0,0.0,0.10126582278481013,0.2,0.15,0.1,3.0,10.285714285714286,0.0,0.0,0.12658227848101267,0.3,0.25,0.16,0.0,8.333333333333334,1.0,1.0,0.0759493670886076,0.0,0.0,0.04,37.0,8.0,0.0,0.0,0.10126582278481013,0.2,0.1,0.08,5.0,10.285714285714286,0.0,0.0,0.06329113924050633,0.0,0.05,0.1,11.0,4.0,0.0,0.0,0.11392405063291139,0.0,0.1,0.12,12.0,7.25,0.0,0.0,0.11392405063291139,0.0,0.15,0.16,14.0,6.875,0.0,0.0,0.08860759493670886,0.2,0.1,0.08,0.0,10.333333333333334,1.0,1.0,0.06329113924050633,0.1,0.05,0.02,9.0,11.75,0.0,0.0,0.10126582278481013,0.1,0.05,0.12,3.0,8.571428571428571,0.0,0.0,0.0379746835443038,0.0,0.1,0.06,13.0,8.0,0.0,0.0,0.12658227848101267,0.1,0.1,0.14,0.0,8.666666666666666,1.0,1.0,0.10126582278481013,0.1,0.05,0.06,8.0,8.571428571428571,0.0,0.0,0.08860759493670886,0.0,0.05,0.08,17.0,9.5,0.0,0.0,0.08860759493670886,0.2,0.1,0.1,0.0,12.0,1.0,1.0,0.11392405063291139,0.1,0.05,0.14,3.0,6.75,0.0,0.0,0.06329113924050633,0.1,0.05,0.02,4.0,18.5,0.0,0.0,0.12658227848101267,0.0,0.15,0.14,14.0,6.111111111111111,0.0,0.0,0.0759493670886076,0.1,0.1,0.06,7.0,11.2,0.0,0.0,0.12658227848101267,0.1,0.1,0.1,1.0,8.333333333333334,0.0,1.0,0.16455696202531644,0.3,0.15,0.2,0.0,6.083333333333333,1.0,1.0,0.08860759493670886,0.0,0.05,0.08,15.0,9.333333333333334,0.0,0.0,0.1518987341772152,0.3,0.25,0.18,4.0,6.545454545454546,0.0,0.0,0.0759493670886076,0.0,0.05,0.06,18.0,9.2,0.0,0.0,0.11392405063291139,0.0,0.15,0.12,11.0,5.625,0.0,0.0,0.08860759493670886,0.0,0.1,0.1,10.0,8.0,0.0,0.0,0.1518987341772152,0.0,0.05,0.14,19.0,5.363636363636363,0.0,0.0,0.11392405063291139,0.2,0.15,0.14,2.0,7.375,0.0,0.0,0.11392405063291139,0.0,0.05,0.12,12.0,8.25,0.0,0.0,0.11392405063291139,0.2,0.15,0.08,5.0,8.875,0.0,0.0,0.11392405063291139,0.3,0.2,0.1,1.0,9.625,0.0,1.0,0.16455696202531644,0.1,0.25,0.18,5.0,5.75,0.0,0.0,0.08860759493670886,0.0,0.0,0.08,28.0,7.666666666666667,0.0,0.0,0.0379746835443038,0.0,0.05,0.04,17.0,21.0,0.0,0.0,0.08860759493670886,0.2,0.15,0.12,1.0,9.0,0.0,1.0,0.10126582278481013,0.2,0.1,0.08,3.0,8.857142857142858,0.0,0.0,0.08860759493670886,0.0,0.05,0.08,10.0,11.0,0.0,0.0,0.12658227848101267,0.0,0.0,0.08,24.0,5.888888888888889,0.0,0.0,0.10126582278481013,0.3,0.3,0.14,3.0,9.0,0.0,0.0,0.05063291139240506,0.1,0.05,0.04,7.0,23.0,0.0,0.0,0.13924050632911392,0.2,0.15,0.16,1.0,7.2,0.0,1.0,0.10126582278481013,0.0,0.0,0.1,23.0,7.285714285714286,0.0,0.0,0.13924050632911392,0.2,0.15,0.18,1.0,7.6,0.0,1.0,0.06329113924050633,0.0,0.0,0.04,33.0,10.5,0.0,0.0,78.0,3.0,19.0,2.0,2.0,1.0,0.0,79.0,2.0,1.0,6.0,0,0,0,0,0,0,1,0,0,0,0,0,0,0,0,0,0,1,0,0,0,0,0,0,0,0,0,0,0,0,0,0,0,0,0,0,0,0,0,0,0,1,0,1,0,0,0,1
2026-02-08,0.175,0.3,0.25,0.18,3.0,5.384615384615385,0.0,0.0,0.0625,0.0,0.0,0.06,24.0,11.0,0.0,0.0,0.0875,0.1,0.1,0.1,3.0,9.0,0.0,0.0,0.1875,0.1,0.15,0.14,3.0,5.357142857142857,0.0,0.0,0.1,0.1,0.15,0.1,4.0,10.285714285714286,0.0,0.0,0.125,0.3,0.25,0.16,1.0,8.333333333333334,0.0,1.0,0.0875,0.1,0.05,0.04,0.0,13.0,1.0,1.0,0.1,0.2,0.1,0.08,6.0,10.285714285714286,0.0,0.0,0.0625,0.0,0.05,0.1,12.0,4.0,0.0,0.0,0.1125,0.0,0.1,0.12,13.0,7.25,0.0,0.0,0.1125,0.0,0.15,0.16,15.0,6.875,0.0,0.0,0.0875,0.2,0.1,0.08,1.0,10.333333333333334,0.0,1.0,0.0625,0.0,0.05,0.02,10.0,11.75,0.0,0.0,0.1,0.1,0.05,0.12,4.0,8.571428571428571,0.0,0.0,0.0375,0.0,0.1,0.06,14.0,8.0,0.0,0.0,0.125,0.1,0.1,0.14,1.0,8.666666666666666,0.0,1.0,0.1,0.1,0.05,0.06,9.0,8.571428571428571,0.0,0.0,0.1,0.1,0.1,0.1,0.0,10.714285714285714,1.0,1.0,0.0875,0.2,0.1,0.1,1.0,12.0,0.0,1.0,0.1125,0.1,0.05,0.14,4.0,6.75,0.0,0.0,0.0625,0.1,0.05,0.02,5.0,18.5,0.0,0.0,0.125,0.0,0.1,0.14,15.0,6.111111111111111,0.0,0.0,0.075,0.1,0.1,0.06,8.0,11.2,0.0,0.0,0.125,0.1,0.1,0.1,2.0,8.333333333333334,0.0,0.0,0.1625,0.3,0.15,0.18,1.0,6.083333333333333,0.0,1.0,0.0875,0.0,0.05,0.08,16.0,9.333333333333334,0.0,0.0,0.15,0.2,0.2,0.18,5.0,6.545454545454546,0.0,0.0,0.075,0.0,0.05,0.06,19.0,9.2,0.0,0.0,0.1125,0.0,0.15,0.12,12.0,5.625,0.0,0.0,0.0875,0.0,0.1,0.1,11.0,8.0,0.0,0.0,0.15,0.0,0.0,0.14,20.0,5.363636363636363,0.0,0.0,0.1125,0.2,0.15,0.14,3.0,7.375,0.0,0.0,0.1125,0.0,0.05,0.12,13.0,8.25,0.0,0.0,0.1125,0.2,0.15,0.08,6.0,8.875,0.0,0.0,0.1125,0.3,0.2,0.1,2.0,9.625,0.0,0.0,0.1625,0.1,0.2,0.18,6.0,5.75,0.0,0.0,0.0875,0.0,0.0,0.08,29.0,7.666666666666667,0.0,0.0,0.0375,0.0,0.05,0.04,18.0,21.0,0.0,0.0,0.0875,0.2,0.15,0.1,2.0,9.0,0.0,0.0,0.1,0.2,0.1,0.06,4.0,8.857142857142858,0.0,0.0,0.0875,0.0,0.05,0.08,11.0,11.0,0.0,0.0,0.1375,0.1,0.05,0.1,0.0,7.8,1.0,1.0,0.1,0.2,0.3,0.14,4.0,9.0,0.0,0.0,0.0625,0.2,0.1,0.06,0.0,19.25,1.0,1.0,0.1375,0.2,0.15,0.16,2.0,7.2,0.0,0.0,0.1,0.0,0.0,0.08,24.0,7.285714285714286,0.0,0.0,0.1375,0.1,0.15,0.18,2.0,7.6,0.0,0.0,0.075,0.1,0.05,0.06,0.0,15.2,1.0,1.0,159.0,4.0,41.0,1.0,1.0,0.0,3.0,80.0,2.0,4.0,2.0,0,0,0,0,0,1,0,0,0,0,1,0,0,0,0,1,0,0,0,0,0,0,0,0,0,1,0,0,0,0,0,0,0,1,0,0,0,0,0,0,0,0,0,0,0,0,0,0
2026-02-11,0.1728395061728395,0.3,0.25,0.18,4.0,5.384615384615385,0.0,0.0,0.06172839506172839,0.0,0.0,0.06,25.0,11.0,0.0,0.0,0.08641975308641975,0.1,0.1,0.1,4.0,9.0,0.0,0.0,0.18518518518518517,0.1,0.15,0.14,4.0,5.357142857142857,0.0,0.0,0.09876543209876543,0.1,0.15,0.1,5.0,10.285714285714286,0.0,0.0,0.13580246913580246,0.4,0.25,0.18,0.0,7.7,1.0,1.0,0.08641975308641975,0.1,0.05,0.04,1.0,13.0,0.0,1.0,0.09876543209876543,0.2,0.1,0.08,7.0,10.285714285714286,0.0,0.0,0.06172839506172839,0.0,0.05,0.1,13.0,4.0,0.0,0.0,0.1111111111111111,0.0,0.1,0.12,14.0,7.25,0.0,0.0,0.12345679012345678,0.1,0.15,0.18,0.0,7.888888888888889,1.0,1.0,0.08641975308641975,0.2,0.1,0.08,2.0,10.333333333333334,0.0,0.0,0.06172839506172839,0.0,0.05,0.02,11.0,11.75,0.0,0.0,0.09876543209876543,0.1,0.05,0.1,5.0,8.571428571428571,0.0,0.0,0.037037037037037035,0.0,0.1,0.06,15.0,8.0,0.0,0.0,0.13580246913580246,0.2,0.15,0.14,0.0,8.0,1.0,1.0,0.09876543209876543,0.0,0.05,0.06,10.0,8.571428571428571,0.0,0.0,0.09876543209876543,0.1,0.1,0.1,1.0,10.714285714285714,0.0,1.0,0.08641975308641975,0.2,0.1,0.1,2.0,12.0,0.0,0.0,0.1111111111111111,0.1,0.05,0.14,5.0,6.75,0.0,0.0,0.06172839506172839,0.1,0.05,0.02,6.0,18.5,0.0,0.0,0.12345679012345678,0.0,0.05,0.14,16.0,6.111111111111111,0.0,0.0,0.07407407407407407,0.1,0.1,0.06,9.0,11.2,0.0,0.0,0.12345679012345678,0.1,0.1,0.08,3.0,8.333333333333334,0.0,0.0,0.16049382716049382,0.3,0.15,0.18,2.0,6.083333333333333,0.0,0.0,0.09876543209876543,0.1,0.1,0.1,0.0,10.428571428571429,1.0,1.0,0.14814814814814814,0.2,0.2,0.18,6.0,6.545454545454546,0.0,0.0,0.07407407407407407,0.0,0.0,0.06,20.0,9.2,0.0,0.0,0.1111111111111111,0.0,0.15,0.12,13.0,5.625,0.0,0.0,0.08641975308641975,0.0,0.1,0.1,12.0,8.0,0.0,0.0,0.14814814814814814,0.0,0.0,0.14,21.0,5.363636363636363,0.0,0.0,0.1111111111111111,0.2,0.15,0.14,4.0,7.375,0.0,0.0,0.1111111111111111,0.0,0.05,0.1,14.0,8.25,0.0,0.0,0.12345679012345678,0.2,0.2,0.1,0.0,8.666666666666666,1.0,1.0,0.1111111111111111,0.2,0.2,0.1,3.0,9.625,0.0,0.0,0.16049382716049382,0.1,0.15,0.16,7.0,5.75,0.0,0.0,0.08641975308641975,0.0,0.0,0.08,30.0,7.666666666666667,0.0,0.0,0.037037037037037035,0.0,0.05,0.04,19.0,21.0,0.0,0.0,0.08641975308641975,0.2,0.15,0.1,3.0,9.0,0.0,0.0,0.09876543209876543,0.1,0.1,0.06,5.0,8.857142857142858,0.0,0.0,0.08641975308641975,0.0,0.05,0.08,12.0,11.0,0.0,0.0,0.13580246913580246,0.1,0.05,0.1,1.0,7.8,0.0,1.0,0.09876543209876543,0.1,0.3,0.14,5.0,9.0,0.0,0.0,0.06172839506172839,0.2,0.1,0.06,1.0,19.25,0.0,1.0,0.13580246913580246,0.2,0.15,0.16,3.0,7.2,0.0,0.0,0.09876543209876543,0.0,0.0,0.08,25.0,7.285714285714286,0.0,0.0,0.13580246913580246,0.1,0.15,0.18,3.0,7.6,0.0,0.0,0.07407407407407407,0.1,0.05,0.06,1.0,15.2,0.0,1.0,93.0,4.0,28.0,2.0,1.0,2.0,0.0,81.0,2.0,8.0,6.0,0,1,0,0,0,0,0,0,0,0,0,0,0,0,0,0,0,0,1,1,0,0,0,1,0,0,0,0,0,0,0,0,0,0,0,0,0,0,0,1,0,0,0,0,0,0,0,0
2026-02-15,0.17073170731707318,0.3,0.25,0.18,5.0,5.384615384615385,0.0,0.0,0.07317073170731707,0.1,0.05,0.08,0.0,14.0,1.0,1.0,0.08536585365853659,0.1,0.1,0.1,5.0,9.0,0.0,0.0,0.18292682926829268,0.1,0.15,0.14,5.0,5.357142857142857,0.0,0.0,0.0975609756097561,0.1,0.15,0.1,6.0,10.285714285714286,0.0,0.0,0.13414634146341464,0.4,0.25,0.18,1.0,7.7,0.0,1.0,0.08536585365853659,0.1,0.05,0.04,2.0,13.0,0.0,0.0,0.0975609756097561,0.1,0.1,0.08,8.0,10.285714285714286,0.0,0.0,0.06097560975609756,0.0,0.05,0.1,14.0,4.0,0.0,0.0,0.10975609756097561,0.0,0.1,0.12,15.0,7.25,0.0,0.0,0.12195121951219512,0.1,0.15,0.18,1.0,7.888888888888889,0.0,1.0,0.08536585365853659,0.2,0.1,0.08,3.0,10.333333333333334,0.0,0.0,0.06097560975609756,0.0,0.05,0.02,12.0,11.75,0.0,0.0,0.0975609756097561,0.1,0.05,0.1,6.0,8.571428571428571,0.0,0.0,0.036585365853658534,0.0,0.05,0.06,16.0,8.0,0.0,0.0,0.13414634146341464,0.2,0.15,0.14,1.0,8.0,0.0,1.0,0.0975609756097561,0.0,0.05,0.06,11.0,8.571428571428571,0.0,0.0,0.0975609756097561,0.1,0.05,0.1,2.0,10.714285714285714,0.0,0.0,0.0975609756097561,0.3,0.15,0.12,0.0,10.714285714285714,1.0,1.0,0.12195121951219512,0.2,0.1,0.16,0.0,6.666666666666667,1.0,1.0,0.06097560975609756,0.1,0.05,0.02,7.0,18.5,0.0,0.0,0.12195121951219512,0.0,0.05,0.14,17.0,6.111111111111111,0.0,0.0,0.07317073170731707,0.0,0.1,0.06,10.0,11.2,0.0,0.0,0.13414634146341464,0.2,0.15,0.08,0.0,7.9,1.0,1.0,0.15853658536585366,0.3,0.15,0.16,3.0,6.083333333333333,0.0,0.0,0.0975609756097561,0.1,0.1,0.1,1.0,10.428571428571429,0.0,1.0,0.14634146341463414,0.1,0.15,0.16,7.0,6.545454545454546,0.0,0.0,0.07317073170731707,0.0,0.0,0.04,21.0,9.2,0.0,0.0,0.10975609756097561,0.0,0.15,0.12,14.0,5.625,0.0,0.0,0.08536585365853659,0.0,0.1,0.1,13.0,8.0,0.0,0.0,0.14634146341463414,0.0,0.0,0.14,22.0,5.363636363636363,0.0,0.0,0.10975609756097561,0.2,0.15,0.14,5.0,7.375,0.0,0.0,0.10975609756097561,0.0,0.05,0.1,15.0,8.25,0.0,0.0,0.12195121951219512,0.2,0.2,0.1,1.0,8.666666666666666,0.0,1.0,0.10975609756097561,0.2,0.2,0.1,4.0,9.625,0.0,0.0,0.15853658536585366,0.1,0.15,0.16,8.0,5.75,0.0,0.0,0.08536585365853659,0.0,0.0,0.08,31.0,7.666666666666667,0.0,0.0,0.036585365853658534,0.0,0.0,0.04,20.0,21.0,0.0,0.0,0.08536585365853659,0.2,0.15,0.1,4.0,9.0,0.0,0.0,0.10975609756097561,0.2,0.15,0.06,0.0,8.5,1.0,1.0,0.08536585365853659,0.0,0.05,0.08,13.0,11.0,0.0,0.0,0.13414634146341464,0.1,0.05,0.1,2.0,7.8,0.0,0.0,0.0975609756097561,0.1,0.25,0.14,6.0,9.0,0.0,0.0,0.06097560975609756,0.1,0.1,0.06,2.0,19.25,0.0,0.0,0.13414634146341464,0.1,0.15,0.16,4.0,7.2,0.0,0.0,0.0975609756097561,0.0,0.0,0.08,26.0,7.285714285714286,0.0,0.0,0.13414634146341464,0.1,0.15,0.18,4.0,7.6,0.0,0.0,0.07317073170731707,0.1,0.05,0.06,2.0,15.2,0.0,0.0,105.0,4.0,38.0,1.0,3.0,0.0,1.0,82.0,2.0,11.0,2.0,0,0,1,0,0,1,0,0,0,0,0,0,0,0,0,0,0,0,0,0,0,0,0,0,1,0,0,1,0,0,0,0,0,0,0,0,0,0,0,0,1,0,0,0,0,0,0,0
2026-02-19,0.1686746987951807,0.2,0.25,0.16,6.0,5.384615384615385,0.0,0.0,0.07228915662650602,0.1,0.05,0.08,1.0,14.0,0.0,1.0,0.0963855421686747,0.2,0.1,0.12,0.0,8.571428571428571,1.0,1.0,0.18072289156626506,0.1,0.15,0.14,6.0,5.357142857142857,0.0,0.0,0.0963855421686747,0.1,0.15,0.1,7.0,10.285714285714286,0.0,0.0,0.14457831325301204,0.4,0.3,0.18,0.0,7.181818181818182,1.0,1.0,0.08433734939759036,0.1,0.05,0.04,3.0,13.0,0.0,0.0,0.0963855421686747,0.1,0.1,0.08,9.0,10.285714285714286,0.0,0.0,0.060240963855421686,0.0,0.05,0.1,15.0,4.0,0.0,0.0,0.10843373493975904,0.0,0.1,0.12,16.0,7.25,0.0,0.0,0.12048192771084337,0.1,0.15,0.16,2.0,7.888888888888889,0.0,0.0,0.08433734939759036,0.1,0.1,0.08,4.0,10.333333333333334,0.0,0.0,0.060240963855421686,0.0,0.05,0.02,13.0,11.75,0.0,0.0,0.0963855421686747,0.1,0.05,0.1,7.0,8.571428571428571,0.0,0.0,0.03614457831325301,0.0,0.05,0.06,17.0,8.0,0.0,0.0,0.13253012048192772,0.2,0.15,0.14,2.0,8.0,0.0,0.0,0.0963855421686747,0.0,0.05,0.06,12.0,8.571428571428571,0.0,0.0,0.0963855421686747,0.1,0.05,0.1,3.0,10.714285714285714,0.0,0.0,0.0963855421686747,0.2,0.15,0.12,1.0,10.714285714285714,0.0,1.0,0.12048192771084337,0.2,0.1,0.16,1.0,6.666666666666667,0.0,1.0,0.060240963855421686,0.1,0.05,0.02,8.0,18.5,0.0,0.0,0.12048192771084337,0.0,0.05,0.14,18.0,6.111111111111111,0.0,0.0,0.07228915662650602,0.0,0.05,0.06,11.0,11.2,0.0,0.0,0.13253012048192772,0.2,0.1,0.08,1.0,7.9,0.0,1.0,0.1686746987951807,0.4,0.2,0.18,0.0,5.923076923076923,1.0,1.0,0.0963855421686747,0.1,0.1,0.1,2.0,10.428571428571429,0.0,0.0,0.14457831325301204,0.1,0.15,0.16,8.0,6.545454545454546,0.0,0.0,0.08433734939759036,0.1,0.05,0.06,0.0,11.333333333333334,1.0,1.0,0.10843373493975904,0.0,0.1,0.12,15.0,5.625,0.0,0.0,0.08433734939759036,0.0,0.1,0.1,14.0,8.0,0.0,0.0,0.14457831325301204,0.0,0.0,0.14,23.0,5.363636363636363,0.0,0.0,0.10843373493975904,0.1,0.15,0.14,6.0,7.375,0.0,0.0,0.10843373493975904,0.0,0.05,0.1,16.0,8.25,0.0,0.0,0.12048192771084337,0.2,0.2,0.1,2.0,8.666666666666666,0.0,0.0,0.10843373493975904,0.2,0.2,0.1,5.0,9.625,0.0,0.0,0.1566265060240964,0.1,0.15,0.16,9.0,5.75,0.0,0.0,0.08433734939759036,0.0,0.0,0.08,32.0,7.666666666666667,0.0,0.0,0.03614457831325301,0.0,0.0,0.04,21.0,21.0,0.0,0.0,0.08433734939759036,0.2,0.1,0.1,5.0,9.0,0.0,0.0,0.10843373493975904,0.2,0.15,0.06,1.0,8.5,0.0,1.0,0.0963855421686747,0.1,0.1,0.08,0.0,11.428571428571429,1.0,1.0,0.13253012048192772,0.1,0.05,0.08,3.0,7.8,0.0,0.0,0.0963855421686747,0.1,0.25,0.14,7.0,9.0,0.0,0.0,0.060240963855421686,0.1,0.1,0.06,3.0,19.25,0.0,0.0,0.13253012048192772,0.1,0.15,0.16,5.0,7.2,0.0,0.0,0.0963855421686747,0.0,0.0,0.08,27.0,7.285714285714286,0.0,0.0,0.13253012048192772,0.1,0.15,0.18,5.0,7.6,0.0,0.0,0.07228915662650602,0.1,0.05,0.06,3.0,15.2,0.0,0.0,103.0,2.0,38.0,2.0,0.0,2.0,1.0,83.0,2.0,15.0,6.0,0,0,0,0,0,0,1,1,0,0,1,0,1,0,0,0,0,0,0,0,0,0,0,0,0,0,0,0,0,0,0,0,0,0,0,0,0,0,0,1,0,0,0,0,0,0,0,0
2026-02-22,0.16666666666666666,0.2,0.25,0.16,7.0,5.384615384615385,0.0,0.0,0.07142857142857142,0.1,0.05,0.06,2.0,14.0,0.0,0.0,0.09523809523809523,0.2,0.1,0.12,1.0,8.571428571428571,0.0,1.0,0.17857142857142858,0.1,0.15,0.14,7.0,5.357142857142857,0.0,0.0,0.09523809523809523,0.1,0.15,0.1,8.0,10.285714285714286,0.0,0.0,0.14285714285714285,0.3,0.25,0.18,1.0,7.181818181818182,0.0,1.0,0.09523809523809523,0.2,0.1,0.06,0.0,11.714285714285714,1.0,1.0,0.10714285714285714,0.1,0.15,0.1,0.0,10.25,1.0,1.0,0.05952380952380952,0.0,0.05,0.1,16.0,4.0,0.0,0.0,0.10714285714285714,0.0,0.05,0.12,17.0,7.25,0.0,0.0,0.13095238095238096,0.2,0.15,0.18,0.0,7.4,1.0,1.0,0.08333333333333333,0.1,0.1,0.06,5.0,10.333333333333334,0.0,0.0,0.07142857142857142,0.1,0.1,0.04,0.0,12.2,1.0,1.0,0.09523809523809523,0.1,0.05,0.1,8.0,8.571428571428571,0.0,0.0,0.03571428571428571,0.0,0.05,0.06,18.0,8.0,0.0,0.0,0.13095238095238096,0.2,0.15,0.14,3.0,8.0,0.0,0.0,0.09523809523809523,0.0,0.05,0.06,13.0,8.571428571428571,0.0,0.0,0.09523809523809523,0.1,0.05,0.1,4.0,10.714285714285714,0.0,0.0,0.09523809523809523,0.2,0.15,0.12,2.0,10.714285714285714,0.0,0.0,0.11904761904761904,0.2,0.1,0.14,2.0,6.666666666666667,0.0,0.0,0.05952380952380952,0.1,0.05,0.02,9.0,18.5,0.0,0.0,0.11904761904761904,0.0,0.05,0.14,19.0,6.111111111111111,0.0,0.0,0.07142857142857142,0.0,0.05,0.06,12.0,11.2,0.0,0.0,0.13095238095238096,0.2,0.1,0.08,2.0,7.9,0.0,0.0,0.16666666666666666,0.4,0.2,0.18,1.0,5.923076923076923,0.0,1.0,0.09523809523809523,0.1,0.05,0.1,3.0,10.428571428571429,0.0,0.0,0.14285714285714285,0.1,0.15,0.16,9.0,6.545454545454546,0.0,0.0,0.08333333333333333,0.1,0.05,0.04,1.0,11.333333333333334,0.0,1.0,0.10714285714285714,0.0,0.1,0.12,16.0,5.625,0.0,0.0,0.08333333333333333,0.0,0.1,0.1,15.0,8.0,0.0,0.0,0.14285714285714285,0.0,0.0,0.14,24.0,5.363636363636363,0.0,0.0,0.10714285714285714,0.1,0.15,0.12,7.0,7.375,0.0,0.0,0.10714285714285714,0.0,0.05,0.1,17.0,8.25,0.0,0.0,0.11904761904761904,0.1,0.2,0.1,3.0,8.666666666666666,0.0,0.0,0.10714285714285714,0.2,0.2,0.1,6.0,9.625,0.0,0.0,0.15476190476190477,0.0,0.15,0.16,10.0,5.75,0.0,0.0,0.08333333333333333,0.0,0.0,0.08,33.0,7.666666666666667,0.0,0.0,0.03571428571428571,0.0,0.0,0.04,22.0,21.0,0.0,0.0,0.08333333333333333,0.1,0.1,0.1,6.0,9.0,0.0,0.0,0.11904761904761904,0.3,0.2,0.08,0.0,7.777777777777778,1.0,1.0,0.09523809523809523,0.1,0.1,0.08,1.0,11.428571428571429,0.0,1.0,0.13095238095238096,0.1,0.05,0.08,4.0,7.8,0.0,0.0,0.09523809523809523,0.1,0.2,0.14,8.0,9.0,0.0,0.0,0.05952380952380952,0.1,0.1,0.06,4.0,19.25,0.0,0.0,0.13095238095238096,0.1,0.15,0.16,6.0,7.2,0.0,0.0,0.09523809523809523,0.0,0.0,0.08,28.0,7.285714285714286,0.0,0.0,0.13095238095238096,0.1,0.15,0.18,6.0,7.6,0.0,0.0,0.07142857142857142,0.1,0.05,0.06,4.0,15.2,0.0,0.0,79.0,2.0,33.0,3.0,1.0,0.0,1.0,84.0,2.0,19.0,3.0,0,0,0,1,1,1,0,0,0,0,0,0,0,0,0,0,0,0,0,1,0,0,0,0,0,0,0,0,0,0,0,0,0,0,0,0,0,0,0,0,1,0,0,0,0,0,0,0
2026-02-25,0.16470588235294117,0.1,0.25,0.16,8.0,5.384615384615385,0.0,0.0,0.07058823529411765,0.1,0.05,0.06,3.0,14.0,0.0,0.0,0.09411764705882353,0.2,0.1,0.12,2.0,8.571428571428571,0.0,0.0,0.18823529411764706,0.2,0.2,0.16,0.0,5.533333333333333,1.0,1.0,0.10588235294117647,0.2,0.2,0.12,0.0,10.125,1.0,1.0,0.15294117647058825,0.4,0.3,0.2,0.0,6.75,1.0,1.0,0.09411764705882353,0.2,0.1,0.06,1.0,11.714285714285714,0.0,1.0,0.10588235294117647,0.1,0.15,0.1,1.0,10.25,0.0,1.0,0.058823529411764705,0.0,0.05,0.1,17.0,4.0,0.0,0.0,0.10588235294117647,0.0,0.05,0.1,18.0,7.25,0.0,0.0,0.12941176470588237,0.2,0.1,0.18,1.0,7.4,0.0,1.0,0.08235294117647059,0.1,0.1,0.06,6.0,10.333333333333334,0.0,0.0,0.07058823529411765,0.1,0.1,0.04,1.0,12.2,0.0,1.0,0.09411764705882353,0.1,0.05,0.1,9.0,8.571428571428571,0.0,0.0,0.03529411764705882,0.0,0.05,0.06,19.0,8.0,0.0,0.0,0.12941176470588237,0.2,0.15,0.14,4.0,8.0,0.0,0.0,0.09411764705882353,0.0,0.05,0.06,14.0,8.571428571428571,0.0,0.0,0.09411764705882353,0.1,0.05,0.1,5.0,10.714285714285714,0.0,0.0,0.09411764705882353,0.2,0.15,0.12,3.0,10.714285714285714,0.0,0.0,0.12941176470588237,0.3,0.15,0.14,0.0,6.3,1.0,1.0,0.058823529411764705,0.0,0.05,0.02,10.0,18.5,0.0,0.0,0.11764705882352941,0.0,0.0,0.14,20.0,6.111111111111111,0.0,0.0,0.07058823529411765,0.0,0.05,0.06,13.0,11.2,0.0,0.0,0.12941176470588237,0.2,0.1,0.08,3.0,7.9,0.0,0.0,0.16470588235294117,0.3,0.2,0.18,2.0,5.923076923076923,0.0,0.0,0.09411764705882353,0.1,0.05,0.1,4.0,10.428571428571429,0.0,0.0,0.1411764705882353,0.0,0.15,0.16,10.0,6.545454545454546,0.0,0.0,0.08235294117647059,0.1,0.05,0.04,2.0,11.333333333333334,0.0,0.0,0.10588235294117647,0.0,0.1,0.12,17.0,5.625,0.0,0.0,0.08235294117647059,0.0,0.1,0.1,16.0,8.0,0.0,0.0,0.1411764705882353,0.0,0.0,0.14,25.0,5.363636363636363,0.0,0.0,0.10588235294117647,0.1,0.15,0.12,8.0,7.375,0.0,0.0,0.10588235294117647,0.0,0.05,0.1,18.0,8.25,0.0,0.0,0.11764705882352941,0.1,0.15,0.1,4.0,8.666666666666666,0.0,0.0,0.10588235294117647,0.1,0.2,0.08,7.0,9.625,0.0,0.0,0.15294117647058825,0.0,0.1,0.16,11.0,5.75,0.0,0.0,0.08235294117647059,0.0,0.0,0.06,34.0,7.666666666666667,0.0,0.0,0.03529411764705882,0.0,0.0,0.04,23.0,21.0,0.0,0.0,0.08235294117647059,0.1,0.1,0.1,7.0,9.0,0.0,0.0,0.11764705882352941,0.3,0.2,0.08,1.0,7.777777777777778,0.0,1.0,0.10588235294117647,0.2,0.15,0.1,0.0,10.25,1.0,1.0,0.12941176470588237,0.1,0.05,0.08,5.0,7.8,0.0,0.0,0.09411764705882353,0.1,0.15,0.14,9.0,9.0,0.0,0.0,0.058823529411764705,0.1,0.1,0.06,5.0,19.25,0.0,0.0,0.12941176470588237,0.1,0.15,0.16,7.0,7.2,0.0,0.0,0.09411764705882353,0.0,0.0,0.08,29.0,7.285714285714286,0.0,0.0,0.12941176470588237,0.1,0.15,0.16,7.0,7.6,0.0,0.0,0.07058823529411765,0.1,0.05,0.06,5.0,15.2,0.0,0.0,76.0,3.0,37.0,3.0,1.0,0.0,1.0,85.0,2.0,22.0,6.0,1,0,0,0,0,1,0,0,0,0,0,0,0,0,0,0,0,0,0,0,0,0,0,1,0,0,0,0,0,0,0,0,0,1,0,0,0,0,0,0,0,0,0,1,0,0,0,0
2026-03-01,0.1744186046511628,0.2,0.3,0.18,0.0,5.642857142857143,1.0,1.0,0.06976744186046512,0.1,0.05,0.06,4.0,14.0,0.0,0.0,0.09302325581395349,0.2,0.1,0.12,3.0,8.571428571428571,0.0,0.0,0.18604651162790697,0.2,0.2,0.16,1.0,5.533333333333333,0.0,1.0,0.10465116279069768,0.1,0.2,0.12,1.0,10.125,0.0,1.0,0.16279069767441862,0.5,0.35,0.22,0.0,6.3076923076923075,1.0,1.0,0.09302325581395349,0.2,0.1,0.06,2.0,11.714285714285714,0.0,0.0,0.10465116279069768,0.1,0.15,0.1,2.0,10.25,0.0,0.0,0.05813953488372093,0.0,0.05,0.1,18.0,4.0,0.0,0.0,0.10465116279069768,0.0,0.05,0.1,19.0,7.25,0.0,0.0,0.12790697674418605,0.2,0.1,0.18,2.0,7.4,0.0,0.0,0.08139534883720931,0.1,0.1,0.06,7.0,10.333333333333334,0.0,0.0,0.06976744186046512,0.1,0.1,0.04,2.0,12.2,0.0,0.0,0.09302325581395349,0.0,0.05,0.1,10.0,8.571428571428571,0.0,0.0,0.03488372093023256,0.0,0.0,0.06,20.0,8.0,0.0,0.0,0.12790697674418605,0.2,0.15,0.14,5.0,8.0,0.0,0.0,0.09302325581395349,0.0,0.05,0.06,15.0,8.571428571428571,0.0,0.0,0.09302325581395349,0.1,0.05,0.1,6.0,10.714285714285714,0.0,0.0,0.09302325581395349,0.2,0.15,0.12,4.0,10.714285714285714,0.0,0.0,0.12790697674418605,0.2,0.15,0.14,1.0,6.3,0.0,1.0,0.05813953488372093,0.0,0.05,0.02,11.0,18.5,0.0,0.0,0.11627906976744186,0.0,0.0,0.12,21.0,6.111111111111111,0.0,0.0,0.06976744186046512,0.0,0.05,0.06,14.0,11.2,0.0,0.0,0.13953488372093023,0.3,0.15,0.1,0.0,7.545454545454546,1.0,1.0,0.16279069767441862,0.3,0.2,0.18,3.0,5.923076923076923,0.0,0.0,0.09302325581395349,0.1,0.05,0.1,5.0,10.428571428571429,0.0,0.0,0.13953488372093023,0.0,0.15,0.16,11.0,6.545454545454546,0.0,0.0,0.08139534883720931,0.1,0.05,0.04,3.0,11.333333333333334,0.0,0.0,0.10465116279069768,0.0,0.05,0.12,18.0,5.625,0.0,0.0,0.08139534883720931,0.0,0.05,0.1,17.0,8.0,0.0,0.0,0.13953488372093023,0.0,0.0,0.12,26.0,5.363636363636363,0.0,0.0,0.10465116279069768,0.1,0.15,0.12,9.0,7.375,0.0,0.0,0.10465116279069768,0.0,0.05,0.08,19.0,8.25,0.0,0.0,0.12790697674418605,0.2,0.2,0.12,0.0,8.3,1.0,1.0,0.10465116279069768,0.1,0.2,0.08,8.0,9.625,0.0,0.0,0.1511627906976744,0.0,0.05,0.16,12.0,5.75,0.0,0.0,0.08139534883720931,0.0,0.0,0.06,35.0,7.666666666666667,0.0,0.0,0.03488372093023256,0.0,0.0,0.04,24.0,21.0,0.0,0.0,0.08139534883720931,0.1,0.1,0.08,8.0,9.0,0.0,0.0,0.11627906976744186,0.2,0.2,0.08,2.0,7.777777777777778,0.0,0.0,0.10465116279069768,0.2,0.15,0.1,1.0,10.25,0.0,1.0,0.12790697674418605,0.1,0.05,0.06,6.0,7.8,0.0,0.0,0.09302325581395349,0.0,0.15,0.14,10.0,9.0,0.0,0.0,0.06976744186046512,0.2,0.15,0.08,0.0,16.6,1.0,1.0,0.12790697674418605,0.1,0.1,0.16,8.0,7.2,0.0,0.0,0.09302325581395349,0.0,0.0,0.08,30.0,7.285714285714286,0.0,0.0,0.12790697674418605,0.1,0.15,0.16,8.0,7.6,0.0,0.0,0.06976744186046512,0.1,0.05,0.06,6.0,15.2,0.0,0.0,109.0,4.0,43.0,2.0,1.0,1.0,1.0,86.0,2.0,25.0,2.0,0,0,0,1,0,0,1,0,0,0,0,0,0,1,0,0,0,0,0,0,0,0,0,1,0,0,0,0,0,0,0,0,0,0,0,0,0,0,0,0,0,0,0,0,0,0,1,0
2026-03-04,0.1724137931034483,0.1,0.3,0.16,1.0,5.642857142857143,0.0,1.0,0.06896551724137931,0.1,0.05,0.06,5.0,14.0,0.0,0.0,0.09195402298850575,0.1,0.1,0.12,4.0,8.571428571428571,0.0,0.0,0.19540229885057472,0.2,0.2,0.16,0.0,5.3125,1.0,1.0,0.10344827586206896,0.1,0.2,0.12,2.0,10.125,0.0,0.0,0.16091954022988506,0.5,0.35,0.22,1.0,6.3076923076923075,0.0,1.0,0.10344827586206896,0.3,0.15,0.08,0.0,10.625,1.0,1.0,0.10344827586206896,0.1,0.15,0.1,3.0,10.25,0.0,0.0,0.05747126436781609,0.0,0.05,0.1,19.0,4.0,0.0,0.0,0.10344827586206896,0.0,0.0,0.1,20.0,7.25,0.0,0.0,0.12643678160919541,0.2,0.1,0.18,3.0,7.4,0.0,0.0,0.08045977011494253,0.1,0.1,0.06,8.0,10.333333333333334,0.0,0.0,0.06896551724137931,0.1,0.1,0.04,3.0,12.2,0.0,0.0,0.10344827586206896,0.1,0.1,0.12,0.0,8.875,1.0,1.0,0.034482758620689655,0.0,0.0,0.06,21.0,8.0,0.0,0.0,0.12643678160919541,0.2,0.1,0.14,6.0,8.0,0.0,0.0,0.09195402298850575,0.0,0.05,0.06,16.0,8.571428571428571,0.0,0.0,0.09195402298850575,0.1,0.05,0.1,7.0,10.714285714285714,0.0,0.0,0.09195402298850575,0.2,0.15,0.1,5.0,10.714285714285714,0.0,0.0,0.12643678160919541,0.2,0.15,0.12,2.0,6.3,0.0,0.0,0.05747126436781609,0.0,0.05,0.02,12.0,18.5,0.0,0.0,0.11494252873563218,0.0,0.0,0.12,22.0,6.111111111111111,0.0,0.0,0.06896551724137931,0.0,0.05,0.06,15.0,11.2,0.0,0.0,0.14942528735632185,0.4,0.2,0.12,0.0,7.0,1.0,1.0,0.16091954022988506,0.2,0.2,0.18,4.0,5.923076923076923,0.0,0.0,0.09195402298850575,0.1,0.05,0.1,6.0,10.428571428571429,0.0,0.0,0.13793103448275862,0.0,0.15,0.16,12.0,6.545454545454546,0.0,0.0,0.08045977011494253,0.1,0.05,0.04,4.0,11.333333333333334,0.0,0.0,0.10344827586206896,0.0,0.05,0.12,19.0,5.625,0.0,0.0,0.08045977011494253,0.0,0.05,0.1,18.0,8.0,0.0,0.0,0.13793103448275862,0.0,0.0,0.12,27.0,5.363636363636363,0.0,0.0,0.10344827586206896,0.0,0.1,0.12,10.0,7.375,0.0,0.0,0.10344827586206896,0.0,0.0,0.08,20.0,8.25,0.0,0.0,0.12643678160919541,0.2,0.2,0.12,1.0,8.3,0.0,1.0,0.10344827586206896,0.1,0.2,0.08,9.0,9.625,0.0,0.0,0.14942528735632185,0.0,0.05,0.16,13.0,5.75,0.0,0.0,0.08045977011494253,0.0,0.0,0.06,36.0,7.666666666666667,0.0,0.0,0.034482758620689655,0.0,0.0,0.02,25.0,21.0,0.0,0.0,0.08045977011494253,0.1,0.1,0.08,9.0,9.0,0.0,0.0,0.11494252873563218,0.2,0.2,0.08,3.0,7.777777777777778,0.0,0.0,0.10344827586206896,0.2,0.15,0.1,2.0,10.25,0.0,0.0,0.12643678160919541,0.1,0.05,0.06,7.0,7.8,0.0,0.0,0.09195402298850575,0.0,0.15,0.14,11.0,9.0,0.0,0.0,0.06896551724137931,0.2,0.15,0.08,1.0,16.6,0.0,1.0,0.12643678160919541,0.1,0.1,0.16,9.0,7.2,0.0,0.0,0.09195402298850575,0.0,0.0,0.08,31.0,7.285714285714286,0.0,0.0,0.13793103448275862,0.2,0.2,0.18,0.0,7.7272727272727275,1.0,1.0,0.06896551724137931,0.1,0.05,0.06,7.0,15.2,0.0,0.0,96.0,3.0,43.0,2.0,2.0,0.0,1.0,87.0,3.0,1.0,6.0,1,0,0,1,0,0,1,0,0,0,0,0,0,0,0,0,0,0,0,0,0,0,0,0,0,0,0,1,0,0,0,1,0,0,0,0,0,0,0,0,0,0,0,0,0,0,0,0
2026-03-08,0.18181818181818182,0.2,0.3,0.18,0.0,5.4,1.0,1.0,0.06818181818181818,0.1,0.05,0.06,6.0,14.0,0.0,0.0,0.09090909090909091,0.1,0.1,0.12,5.0,8.571428571428571,0.0,0.0,0.20454545454545456,0.3,0.2,0.18,0.0,5.0588235294117645,1.0,1.0,0.10227272727272728,0.1,0.15,0.12,3.0,10.125,0.0,0.0,0.1590909090909091,0.5,0.35,0.22,2.0,6.3076923076923075,0.0,0.0,0.11363636363636363,0.4,0.2,0.1,0.0,9.555555555555555,1.0,1.0,0.10227272727272728,0.1,0.15,0.1,4.0,10.25,0.0,0.0,0.056818181818181816,0.0,0.0,0.1,20.0,4.0,0.0,0.0,0.10227272727272728,0.0,0.0,0.08,21.0,7.25,0.0,0.0,0.125,0.2,0.1,0.18,4.0,7.4,0.0,0.0,0.07954545454545454,0.1,0.1,0.06,9.0,10.333333333333334,0.0,0.0,0.06818181818181818,0.1,0.1,0.04,4.0,12.2,0.0,0.0,0.10227272727272728,0.1,0.1,0.12,1.0,8.875,0.0,1.0,0.03409090909090909,0.0,0.0,0.06,22.0,8.0,0.0,0.0,0.125,0.2,0.1,0.12,7.0,8.0,0.0,0.0,0.09090909090909091,0.0,0.05,0.06,17.0,8.571428571428571,0.0,0.0,0.09090909090909091,0.1,0.05,0.1,8.0,10.714285714285714,0.0,0.0,0.09090909090909091,0.2,0.15,0.1,6.0,10.714285714285714,0.0,0.0,0.125,0.2,0.15,0.12,3.0,6.3,0.0,0.0,0.056818181818181816,0.0,0.05,0.02,13.0,18.5,0.0,0.0,0.11363636363636363,0.0,0.0,0.12,23.0,6.111111111111111,0.0,0.0,0.06818181818181818,0.0,0.05,0.06,16.0,11.2,0.0,0.0,0.14772727272727273,0.3,0.2,0.12,1.0,7.0,0.0,1.0,0.1590909090909091,0.2,0.2,0.16,5.0,5.923076923076923,0.0,0.0,0.09090909090909091,0.1,0.05,0.1,7.0,10.428571428571429,0.0,0.0,0.13636363636363635,0.0,0.15,0.16,13.0,6.545454545454546,0.0,0.0,0.09090909090909091,0.2,0.1,0.06,0.0,10.428571428571429,1.0,1.0,0.10227272727272728,0.0,0.0,0.12,20.0,5.625,0.0,0.0,0.07954545454545454,0.0,0.05,0.1,19.0,8.0,0.0,0.0,0.13636363636363635,0.0,0.0,0.12,28.0,5.363636363636363,0.0,0.0,0.11363636363636363,0.1,0.15,0.14,0.0,7.777777777777778,1.0,1.0,0.10227272727272728,0.0,0.0,0.08,21.0,8.25,0.0,0.0,0.125,0.2,0.2,0.12,2.0,8.3,0.0,0.0,0.10227272727272728,0.0,0.2,0.08,10.0,9.625,0.0,0.0,0.14772727272727273,0.0,0.05,0.16,14.0,5.75,0.0,0.0,0.07954545454545454,0.0,0.0,0.06,37.0,7.666666666666667,0.0,0.0,0.03409090909090909,0.0,0.0,0.02,26.0,21.0,0.0,0.0,0.07954545454545454,0.0,0.1,0.08,10.0,9.0,0.0,0.0,0.11363636363636363,0.2,0.2,0.08,4.0,7.777777777777778,0.0,0.0,0.10227272727272728,0.2,0.15,0.1,3.0,10.25,0.0,0.0,0.125,0.1,0.05,0.06,8.0,7.8,0.0,0.0,0.09090909090909091,0.0,0.15,0.14,12.0,9.0,0.0,0.0,0.06818181818181818,0.2,0.15,0.06,2.0,16.6,0.0,0.0,0.125,0.0,0.1,0.16,10.0,7.2,0.0,0.0,0.09090909090909091,0.0,0.0,0.06,32.0,7.285714285714286,0.0,0.0,0.13636363636363635,0.1,0.2,0.18,1.0,7.7272727272727275,0.0,1.0,0.06818181818181818,0.1,0.05,0.06,8.0,15.2,0.0,0.0,72.0,3.0,31.0,3.0,0.0,2.0,0.0,88.0,3.0,4.0,2.0,1,0,0,0,0,1,0,0,0,1,0,0,1,0,0,0,0,0,0,0,0,0,0,0,0,0,0,0,0,0,0,0,0,1,0,0,0,0,0,0,0,0,0,0,0,0,0,0
2026-03-11,0.19101123595505617,0.3,0.3,0.2,0.0,5.125,1.0,1.0,0.06741573033707865,0.1,0.05,0.06,7.0,14.0,0.0,0.0,0.0898876404494382,0.1,0.1,0.12,6.0,8.571428571428571,0.0,0.0,0.20224719101123595,0.3,0.2,0.18,1.0,5.0588235294117645,0.0,1.0,0.10112359550561797,0.1,0.15,0.12,4.0,10.125,0.0,0.0,0.16853932584269662,0.5,0.4,0.22,0.0,6.071428571428571,1.0,1.0,0.11235955056179775,0.4,0.2,0.1,1.0,9.555555555555555,0.0,1.0,0.10112359550561797,0.1,0.15,0.1,5.0,10.25,0.0,0.0,0.056179775280898875,0.0,0.0,0.1,21.0,4.0,0.0,0.0,0.11235955056179775,0.1,0.05,0.1,0.0,8.88888888888889,1.0,1.0,0.12359550561797752,0.2,0.1,0.18,5.0,7.4,0.0,0.0,0.07865168539325842,0.0,0.1,0.06,10.0,10.333333333333334,0.0,0.0,0.07865168539325842,0.2,0.15,0.06,0.0,11.0,1.0,1.0,0.10112359550561797,0.1,0.1,0.12,2.0,8.875,0.0,0.0,0.033707865168539325,0.0,0.0,0.06,23.0,8.0,0.0,0.0,0.12359550561797752,0.1,0.1,0.12,8.0,8.0,0.0,0.0,0.0898876404494382,0.0,0.05,0.06,18.0,8.571428571428571,0.0,0.0,0.0898876404494382,0.1,0.05,0.1,9.0,10.714285714285714,0.0,0.0,0.0898876404494382,0.1,0.15,0.1,7.0,10.714285714285714,0.0,0.0,0.12359550561797752,0.2,0.15,0.12,4.0,6.3,0.0,0.0,0.056179775280898875,0.0,0.05,0.02,14.0,18.5,0.0,0.0,0.11235955056179775,0.0,0.0,0.1,24.0,6.111111111111111,0.0,0.0,0.06741573033707865,0.0,0.05,0.06,17.0,11.2,0.0,0.0,0.14606741573033707,0.3,0.2,0.12,2.0,7.0,0.0,0.0,0.15730337078651685,0.1,0.2,0.16,6.0,5.923076923076923,0.0,0.0,0.0898876404494382,0.1,0.05,0.1,8.0,10.428571428571429,0.0,0.0,0.1348314606741573,0.0,0.15,0.14,14.0,6.545454545454546,0.0,0.0,0.0898876404494382,0.2,0.1,0.06,1.0,10.428571428571429,0.0,1.0,0.10112359550561797,0.0,0.0,0.12,21.0,5.625,0.0,0.0,0.07865168539325842,0.0,0.0,0.1,20.0,8.0,0.0,0.0,0.1348314606741573,0.0,0.0,0.12,29.0,5.363636363636363,0.0,0.0,0.11235955056179775,0.1,0.15,0.14,1.0,7.777777777777778,0.0,1.0,0.10112359550561797,0.0,0.0,0.06,22.0,8.25,0.0,0.0,0.1348314606741573,0.3,0.25,0.14,0.0,7.818181818181818,1.0,1.0,0.10112359550561797,0.0,0.15,0.08,11.0,9.625,0.0,0.0,0.14606741573033707,0.0,0.05,0.16,15.0,5.75,0.0,0.0,0.07865168539325842,0.0,0.0,0.06,38.0,7.666666666666667,0.0,0.0,0.033707865168539325,0.0,0.0,0.02,27.0,21.0,0.0,0.0,0.07865168539325842,0.0,0.1,0.08,11.0,9.0,0.0,0.0,0.11235955056179775,0.2,0.2,0.08,5.0,7.777777777777778,0.0,0.0,0.10112359550561797,0.2,0.1,0.1,4.0,10.25,0.0,0.0,0.12359550561797752,0.1,0.05,0.06,9.0,7.8,0.0,0.0,0.0898876404494382,0.0,0.15,0.14,13.0,9.0,0.0,0.0,0.06741573033707865,0.2,0.15,0.06,3.0,16.6,0.0,0.0,0.12359550561797752,0.0,0.1,0.16,11.0,7.2,0.0,0.0,0.0898876404494382,0.0,0.0,0.06,33.0,7.285714285714286,0.0,0.0,0.1348314606741573,0.1,0.15,0.16,2.0,7.7272727272727275,0.0,0.0,0.06741573033707865,0.1,0.05,0.06,9.0,15.2,0.0,0.0,64.0,3.0,33.0,3.0,1.0,1.0,0.0,89.0,3.0,8.0,6.0,0,0,0,0,1,0,0,0,0,0,0,0,0,0,0,0,0,0,0,0,0,0,0,0,0,1,0,0,0,0,1,0,0,0,0,0,1,0,0,0,0,0,0,0,0,1,0,0
2026-03-15,0.18888888888888888,0.3,0.3,0.18,1.0,5.125,0.0,1.0,0.06666666666666667,0.1,0.05,0.06,8.0,14.0,0.0,0.0,0.08888888888888889,0.1,0.1,0.12,7.0,8.571428571428571,0.0,0.0,0.2,0.3,0.2,0.18,2.0,5.0588235294117645,0.0,0.0,0.1111111111111111,0.2,0.15,0.14,0.0,9.555555555555555,1.0,1.0,0.16666666666666666,0.5,0.4,0.22,1.0,6.071428571428571,0.0,1.0,0.1111111111111111,0.3,0.2,0.1,2.0,9.555555555555555,0.0,0.0,0.1,0.1,0.15,0.1,6.0,10.25,0.0,0.0,0.05555555555555555,0.0,0.0,0.1,22.0,4.0,0.0,0.0,0.1111111111111111,0.1,0.05,0.1,1.0,8.88888888888889,0.0,1.0,0.12222222222222222,0.2,0.1,0.18,6.0,7.4,0.0,0.0,0.07777777777777778,0.0,0.1,0.06,11.0,10.333333333333334,0.0,0.0,0.07777777777777778,0.2,0.1,0.06,1.0,11.0,0.0,1.0,0.1,0.1,0.1,0.12,3.0,8.875,0.0,0.0,0.03333333333333333,0.0,0.0,0.06,24.0,8.0,0.0,0.0,0.12222222222222222,0.1,0.1,0.12,9.0,8.0,0.0,0.0,0.08888888888888889,0.0,0.05,0.06,19.0,8.571428571428571,0.0,0.0,0.08888888888888889,0.0,0.05,0.1,10.0,10.714285714285714,0.0,0.0,0.08888888888888889,0.1,0.15,0.1,8.0,10.714285714285714,0.0,0.0,0.12222222222222222,0.2,0.15,0.1,5.0,6.3,0.0,0.0,0.05555555555555555,0.0,0.05,0.02,15.0,18.5,0.0,0.0,0.1111111111111111,0.0,0.0,0.08,25.0,6.111111111111111,0.0,0.0,0.06666666666666667,0.0,0.05,0.06,18.0,11.2,0.0,0.0,0.14444444444444443,0.3,0.2,0.12,3.0,7.0,0.0,0.0,0.15555555555555556,0.1,0.2,0.16,7.0,5.923076923076923,0.0,0.0,0.1,0.2,0.1,0.12,0.0,10.25,1.0,1.0,0.13333333333333333,0.0,0.1,0.14,15.0,6.545454545454546,0.0,0.0,0.08888888888888889,0.2,0.1,0.06,2.0,10.428571428571429,0.0,0.0,0.1,0.0,0.0,0.12,22.0,5.625,0.0,0.0,0.07777777777777778,0.0,0.0,0.1,21.0,8.0,0.0,0.0,0.14444444444444443,0.1,0.05,0.14,0.0,7.416666666666667,1.0,1.0,0.1111111111111111,0.1,0.15,0.14,2.0,7.777777777777778,0.0,0.0,0.1,0.0,0.0,0.04,23.0,8.25,0.0,0.0,0.13333333333333333,0.3,0.25,0.14,1.0,7.818181818181818,0.0,1.0,0.1,0.0,0.15,0.08,12.0,9.625,0.0,0.0,0.14444444444444443,0.0,0.05,0.14,16.0,5.75,0.0,0.0,0.08888888888888889,0.1,0.05,0.08,0.0,12.142857142857142,1.0,1.0,0.03333333333333333,0.0,0.0,0.02,28.0,21.0,0.0,0.0,0.07777777777777778,0.0,0.1,0.08,12.0,9.0,0.0,0.0,0.1111111111111111,0.2,0.2,0.08,6.0,7.777777777777778,0.0,0.0,0.1,0.2,0.1,0.1,5.0,10.25,0.0,0.0,0.12222222222222222,0.0,0.05,0.06,10.0,7.8,0.0,0.0,0.08888888888888889,0.0,0.1,0.14,14.0,9.0,0.0,0.0,0.06666666666666667,0.1,0.15,0.06,4.0,16.6,0.0,0.0,0.12222222222222222,0.0,0.1,0.16,12.0,7.2,0.0,0.0,0.1,0.1,0.05,0.08,0.0,10.625,1.0,1.0,0.13333333333333333,0.1,0.1,0.16,3.0,7.7272727272727275,0.0,0.0,0.06666666666666667,0.0,0.05,0.06,10.0,15.2,0.0,0.0,145.0,2.0,41.0,1.0,0.0,2.0,2.0,90.0,3.0,11.0,2.0,0,1,0,1,0,0,0,0,0,0,0,0,0,0,0,0,0,0,0,0,0,0,0,0,0,0,0,0,1,0,0,0,1,0,0,0,0,0,0,0,0,1,0,0,0,0,0,0
2026-03-18,0.18681318681318682,0.3,0.3,0.18,2.0,5.125,0.0,0.0,0.07692307692307693,0.2,0.1,0.08,0.0,13.166666666666666,1.0,1.0,0.08791208791208792,0.1,0.1,0.1,8.0,8.571428571428571,0.0,0.0,0.2087912087912088,0.4,0.25,0.2,0.0,4.944444444444445,1.0,1.0,0.10989010989010989,0.2,0.15,0.14,1.0,9.555555555555555,0.0,1.0,0.16483516483516483,0.4,0.4,0.22,2.0,6.071428571428571,0.0,0.0,0.10989010989010989,0.3,0.2,0.1,3.0,9.555555555555555,0.0,0.0,0.0989010989010989,0.1,0.15,0.1,7.0,10.25,0.0,0.0,0.054945054945054944,0.0,0.0,0.1,23.0,4.0,0.0,0.0,0.10989010989010989,0.1,0.05,0.1,2.0,8.88888888888889,0.0,0.0,0.12087912087912088,0.1,0.1,0.18,7.0,7.4,0.0,0.0,0.07692307692307693,0.0,0.1,0.06,12.0,10.333333333333334,0.0,0.0,0.07692307692307693,0.2,0.1,0.06,2.0,11.0,0.0,0.0,0.0989010989010989,0.1,0.1,0.1,4.0,8.875,0.0,0.0,0.03296703296703297,0.0,0.0,0.06,25.0,8.0,0.0,0.0,0.12087912087912088,0.0,0.1,0.12,10.0,8.0,0.0,0.0,0.08791208791208792,0.0,0.0,0.06,20.0,8.571428571428571,0.0,0.0,0.08791208791208792,0.0,0.05,0.1,11.0,10.714285714285714,0.0,0.0,0.08791208791208792,0.1,0.15,0.1,9.0,10.714285714285714,0.0,0.0,0.12087912087912088,0.2,0.15,0.1,6.0,6.3,0.0,0.0,0.054945054945054944,0.0,0.05,0.02,16.0,18.5,0.0,0.0,0.10989010989010989,0.0,0.0,0.08,26.0,6.111111111111111,0.0,0.0,0.06593406593406594,0.0,0.05,0.06,19.0,11.2,0.0,0.0,0.14285714285714285,0.3,0.2,0.12,4.0,7.0,0.0,0.0,0.15384615384615385,0.1,0.2,0.16,8.0,5.923076923076923,0.0,0.0,0.0989010989010989,0.1,0.1,0.12,1.0,10.25,0.0,1.0,0.13186813186813187,0.0,0.1,0.14,16.0,6.545454545454546,0.0,0.0,0.08791208791208792,0.2,0.1,0.06,3.0,10.428571428571429,0.0,0.0,0.10989010989010989,0.1,0.05,0.12,0.0,7.555555555555555,1.0,1.0,0.07692307692307693,0.0,0.0,0.1,22.0,8.0,0.0,0.0,0.14285714285714285,0.1,0.05,0.12,1.0,7.416666666666667,0.0,1.0,0.10989010989010989,0.1,0.15,0.14,3.0,7.777777777777778,0.0,0.0,0.10989010989010989,0.1,0.05,0.06,0.0,10.0,1.0,1.0,0.13186813186813187,0.2,0.2,0.14,2.0,7.818181818181818,0.0,0.0,0.0989010989010989,0.0,0.1,0.08,13.0,9.625,0.0,0.0,0.14285714285714285,0.0,0.05,0.14,17.0,5.75,0.0,0.0,0.08791208791208792,0.1,0.05,0.08,1.0,12.142857142857142,0.0,1.0,0.03296703296703297,0.0,0.0,0.02,29.0,21.0,0.0,0.0,0.07692307692307693,0.0,0.1,0.08,13.0,9.0,0.0,0.0,0.10989010989010989,0.2,0.15,0.08,7.0,7.777777777777778,0.0,0.0,0.0989010989010989,0.2,0.1,0.1,6.0,10.25,0.0,0.0,0.13186813186813187,0.1,0.1,0.08,0.0,8.090909090909092,1.0,1.0,0.08791208791208792,0.0,0.05,0.14,15.0,9.0,0.0,0.0,0.06593406593406594,0.1,0.15,0.06,5.0,16.6,0.0,0.0,0.12087912087912088,0.0,0.1,0.16,13.0,7.2,0.0,0.0,0.0989010989010989,0.1,0.05,0.08,1.0,10.625,0.0,1.0,0.13186813186813187,0.1,0.1,0.14,4.0,7.7272727272727275,0.0,0.0,0.06593406593406594,0.0,0.05,0.06,11.0,15.2,0.0,0.0,110.0,3.0,40.0,2.0,0.0,2.0,1.0,91.0,3.0,15.0,6.0,0,0,1,0,0,0,0,1,1,0,0,0,0,0,0,0,0,0,0,0,0,0,0,0,0,1,0,0,0,0,0,0,0,0,0,0,0,1,0,0,0,0,0,0,0,0,0,0
2026-03-22,0.18478260869565216,0.3,0.3,0.18,3.0,5.125,0.0,0.0,0.07608695652173914,0.1,0.1,0.06,1.0,13.166666666666666,0.0,1.0,0.09782608695652174,0.2,0.15,0.12,0.0,8.625,1.0,1.0,0.20652173913043478,0.4,0.25,0.2,1.0,4.944444444444445,0.0,1.0,0.10869565217391304,0.2,0.15,0.14,2.0,9.555555555555555,0.0,0.0,0.16304347826086957,0.4,0.4,0.22,3.0,6.071428571428571,0.0,0.0,0.10869565217391304,0.3,0.2,0.08,4.0,9.555555555555555,0.0,0.0,0.10869565217391304,0.2,0.15,0.12,0.0,10.0,1.0,1.0,0.06521739130434782,0.1,0.05,0.12,0.0,8.0,1.0,1.0,0.10869565217391304,0.1,0.05,0.1,3.0,8.88888888888889,0.0,0.0,0.11956521739130435,0.1,0.1,0.18,8.0,7.4,0.0,0.0,0.07608695652173914,0.0,0.1,0.06,13.0,10.333333333333334,0.0,0.0,0.07608695652173914,0.2,0.1,0.06,3.0,11.0,0.0,0.0,0.09782608695652174,0.1,0.1,0.1,5.0,8.875,0.0,0.0,0.03260869565217391,0.0,0.0,0.06,26.0,8.0,0.0,0.0,0.11956521739130435,0.0,0.1,0.12,11.0,8.0,0.0,0.0,0.08695652173913043,0.0,0.0,0.06,21.0,8.571428571428571,0.0,0.0,0.08695652173913043,0.0,0.05,0.1,12.0,10.714285714285714,0.0,0.0,0.08695652173913043,0.0,0.15,0.1,10.0,10.714285714285714,0.0,0.0,0.11956521739130435,0.1,0.15,0.1,7.0,6.3,0.0,0.0,0.05434782608695652,0.0,0.05,0.02,17.0,18.5,0.0,0.0,0.10869565217391304,0.0,0.0,0.08,27.0,6.111111111111111,0.0,0.0,0.06521739130434782,0.0,0.0,0.04,20.0,11.2,0.0,0.0,0.14130434782608695,0.2,0.2,0.12,5.0,7.0,0.0,0.0,0.15217391304347827,0.1,0.2,0.16,9.0,5.923076923076923,0.0,0.0,0.10869565217391304,0.2,0.15,0.14,0.0,9.333333333333334,1.0,1.0,0.13043478260869565,0.0,0.05,0.14,17.0,6.545454545454546,0.0,0.0,0.08695652173913043,0.2,0.1,0.06,4.0,10.428571428571429,0.0,0.0,0.10869565217391304,0.1,0.05,0.12,1.0,7.555555555555555,0.0,1.0,0.07608695652173914,0.0,0.0,0.1,23.0,8.0,0.0,0.0,0.14130434782608695,0.1,0.05,0.12,2.0,7.416666666666667,0.0,0.0,0.10869565217391304,0.1,0.15,0.14,4.0,7.777777777777778,0.0,0.0,0.10869565217391304,0.1,0.05,0.06,1.0,10.0,0.0,1.0,0.13043478260869565,0.2,0.2,0.14,3.0,7.818181818181818,0.0,0.0,0.09782608695652174,0.0,0.1,0.08,14.0,9.625,0.0,0.0,0.14130434782608695,0.0,0.05,0.12,18.0,5.75,0.0,0.0,0.08695652173913043,0.1,0.05,0.08,2.0,12.142857142857142,0.0,0.0,0.043478260869565216,0.1,0.05,0.04,0.0,24.0,1.0,1.0,0.07608695652173914,0.0,0.1,0.08,14.0,9.0,0.0,0.0,0.10869565217391304,0.1,0.15,0.08,8.0,7.777777777777778,0.0,0.0,0.09782608695652174,0.2,0.1,0.1,7.0,10.25,0.0,0.0,0.13043478260869565,0.1,0.1,0.08,1.0,8.090909090909092,0.0,1.0,0.08695652173913043,0.0,0.05,0.14,16.0,9.0,0.0,0.0,0.06521739130434782,0.1,0.1,0.06,6.0,16.6,0.0,0.0,0.11956521739130435,0.0,0.05,0.16,14.0,7.2,0.0,0.0,0.09782608695652174,0.1,0.05,0.08,2.0,10.625,0.0,0.0,0.13043478260869565,0.1,0.1,0.14,5.0,7.7272727272727275,0.0,0.0,0.06521739130434782,0.0,0.05,0.04,12.0,15.2,0.0,0.0,84.0,3.0,35.0,3.0,0.0,1.0,1.0,92.0,3.0,18.0,2.0,0,0,0,0,0,0,0,0,0,1,0,0,0,0,0,0,0,0,0,0,0,0,0,0,0,1,0,1,1,0,0,0,0,1,0,0,0,0,0,0,0,0,0,0,0,0,0,0
2026-03-25,0.1827956989247312,0.3,0.25,0.18,4.0,5.125,0.0,0.0,0.07526881720430108,0.1,0.1,0.06,2.0,13.166666666666666,0.0,0.0,0.0967741935483871,0.1,0.15,0.12,1.0,8.625,0.0,1.0,0.20430107526881722,0.4,0.25,0.2,2.0,4.944444444444445,0.0,0.0,0.10752688172043011,0.2,0.15,0.14,3.0,9.555555555555555,0.0,0.0,0.16129032258064516,0.3,0.35,0.22,4.0,6.071428571428571,0.0,0.0,0.10752688172043011,0.3,0.2,0.08,5.0,9.555555555555555,0.0,0.0,0.10752688172043011,0.2,0.15,0.1,1.0,10.0,0.0,1.0,0.06451612903225806,0.1,0.05,0.12,1.0,8.0,0.0,1.0,0.11827956989247312,0.2,0.1,0.12,0.0,8.4,1.0,1.0,0.11827956989247312,0.1,0.1,0.18,9.0,7.4,0.0,0.0,0.07526881720430108,0.0,0.05,0.06,14.0,10.333333333333334,0.0,0.0,0.07526881720430108,0.2,0.1,0.06,4.0,11.0,0.0,0.0,0.0967741935483871,0.1,0.1,0.1,6.0,8.875,0.0,0.0,0.03225806451612903,0.0,0.0,0.06,27.0,8.0,0.0,0.0,0.11827956989247312,0.0,0.1,0.12,12.0,8.0,0.0,0.0,0.08602150537634409,0.0,0.0,0.06,22.0,8.571428571428571,0.0,0.0,0.08602150537634409,0.0,0.05,0.08,13.0,10.714285714285714,0.0,0.0,0.08602150537634409,0.0,0.1,0.1,11.0,10.714285714285714,0.0,0.0,0.11827956989247312,0.1,0.15,0.1,8.0,6.3,0.0,0.0,0.053763440860215055,0.0,0.05,0.02,18.0,18.5,0.0,0.0,0.10752688172043011,0.0,0.0,0.08,28.0,6.111111111111111,0.0,0.0,0.06451612903225806,0.0,0.0,0.04,21.0,11.2,0.0,0.0,0.13978494623655913,0.2,0.2,0.1,6.0,7.0,0.0,0.0,0.15053763440860216,0.0,0.2,0.16,10.0,5.923076923076923,0.0,0.0,0.11827956989247312,0.3,0.2,0.14,0.0,8.5,1.0,1.0,0.12903225806451613,0.0,0.05,0.14,18.0,6.545454545454546,0.0,0.0,0.0967741935483871,0.2,0.15,0.08,0.0,9.75,1.0,1.0,0.11827956989247312,0.2,0.1,0.14,0.0,7.0,1.0,1.0,0.07526881720430108,0.0,0.0,0.1,24.0,8.0,0.0,0.0,0.13978494623655913,0.1,0.05,0.12,3.0,7.416666666666667,0.0,0.0,0.10752688172043011,0.1,0.1,0.14,5.0,7.777777777777778,0.0,0.0,0.10752688172043011,0.1,0.05,0.06,2.0,10.0,0.0,0.0,0.13978494623655913,0.3,0.25,0.16,0.0,7.5,1.0,1.0,0.0967741935483871,0.0,0.1,0.08,15.0,9.625,0.0,0.0,0.13978494623655913,0.0,0.05,0.12,19.0,5.75,0.0,0.0,0.08602150537634409,0.1,0.05,0.08,3.0,12.142857142857142,0.0,0.0,0.043010752688172046,0.1,0.05,0.04,1.0,24.0,0.0,1.0,0.07526881720430108,0.0,0.1,0.08,15.0,9.0,0.0,0.0,0.10752688172043011,0.1,0.15,0.08,9.0,7.777777777777778,0.0,0.0,0.0967741935483871,0.1,0.1,0.1,8.0,10.25,0.0,0.0,0.12903225806451613,0.1,0.1,0.06,2.0,8.090909090909092,0.0,0.0,0.08602150537634409,0.0,0.05,0.14,17.0,9.0,0.0,0.0,0.06451612903225806,0.1,0.1,0.06,7.0,16.6,0.0,0.0,0.11827956989247312,0.0,0.05,0.16,15.0,7.2,0.0,0.0,0.0967741935483871,0.1,0.05,0.08,3.0,10.625,0.0,0.0,0.12903225806451613,0.1,0.1,0.14,6.0,7.7272727272727275,0.0,0.0,0.06451612903225806,0.0,0.05,0.04,13.0,15.2,0.0,0.0,127.0,4.0,24.0,1.0,0.0,4.0,0.0,93.0,3.0,22.0,6.0,0,0,0,1,1,0,0,0,0,0,0,0,0,0,0,0,0,0,0,0,0,0,1,0,0,0,0,0,0,0,0,0,1,0,0,0,0,1,0,0,0,0,0,0,0,0,0,0
2026-03-29,0.18085106382978725,0.3,0.25,0.18,5.0,5.125,0.0,0.0,0.07446808510638298,0.1,0.1,0.06,3.0,13.166666666666666,0.0,0.0,0.09574468085106383,0.1,0.15,0.1,2.0,8.625,0.0,0.0,0.2127659574468085,0.5,0.3,0.22,0.0,4.842105263157895,1.0,1.0,0.11702127659574468,0.3,0.2,0.14,0.0,9.0,1.0,1.0,0.1595744680851064,0.3,0.3,0.22,5.0,6.071428571428571,0.0,0.0,0.10638297872340426,0.2,0.2,0.08,6.0,9.555555555555555,0.0,0.0,0.10638297872340426,0.1,0.1,0.1,2.0,10.0,0.0,0.0,0.06382978723404255,0.1,0.05,0.12,2.0,8.0,0.0,0.0,0.11702127659574468,0.2,0.1,0.12,1.0,8.4,0.0,1.0,0.11702127659574468,0.0,0.1,0.18,10.0,7.4,0.0,0.0,0.07446808510638298,0.0,0.05,0.06,15.0,10.333333333333334,0.0,0.0,0.07446808510638298,0.1,0.1,0.06,5.0,11.0,0.0,0.0,0.09574468085106383,0.1,0.1,0.1,7.0,8.875,0.0,0.0,0.031914893617021274,0.0,0.0,0.06,28.0,8.0,0.0,0.0,0.11702127659574468,0.0,0.1,0.12,13.0,8.0,0.0,0.0,0.0851063829787234,0.0,0.0,0.06,23.0,8.571428571428571,0.0,0.0,0.0851063829787234,0.0,0.05,0.08,14.0,10.714285714285714,0.0,0.0,0.0851063829787234,0.0,0.1,0.1,12.0,10.714285714285714,0.0,0.0,0.11702127659574468,0.1,0.15,0.08,9.0,6.3,0.0,0.0,0.05319148936170213,0.0,0.05,0.02,19.0,18.5,0.0,0.0,0.10638297872340426,0.0,0.0,0.08,29.0,6.111111111111111,0.0,0.0,0.07446808510638298,0.1,0.05,0.06,0.0,13.0,1.0,1.0,0.13829787234042554,0.2,0.2,0.1,7.0,7.0,0.0,0.0,0.14893617021276595,0.0,0.2,0.16,11.0,5.923076923076923,0.0,0.0,0.11702127659574468,0.3,0.2,0.14,1.0,8.5,0.0,1.0,0.1276595744680851,0.0,0.05,0.14,19.0,6.545454545454546,0.0,0.0,0.09574468085106383,0.2,0.15,0.08,1.0,9.75,0.0,1.0,0.11702127659574468,0.2,0.1,0.14,1.0,7.0,0.0,1.0,0.07446808510638298,0.0,0.0,0.1,25.0,8.0,0.0,0.0,0.13829787234042554,0.1,0.05,0.12,4.0,7.416666666666667,0.0,0.0,0.10638297872340426,0.1,0.1,0.14,6.0,7.777777777777778,0.0,0.0,0.11702127659574468,0.2,0.1,0.06,0.0,9.3,1.0,1.0,0.13829787234042554,0.3,0.2,0.16,1.0,7.5,0.0,1.0,0.09574468085106383,0.0,0.1,0.08,16.0,9.625,0.0,0.0,0.13829787234042554,0.0,0.0,0.12,20.0,5.75,0.0,0.0,0.0851063829787234,0.1,0.05,0.06,4.0,12.142857142857142,0.0,0.0,0.05319148936170213,0.2,0.1,0.06,0.0,18.5,1.0,1.0,0.07446808510638298,0.0,0.05,0.08,16.0,9.0,0.0,0.0,0.10638297872340426,0.0,0.15,0.08,10.0,7.777777777777778,0.0,0.0,0.09574468085106383,0.1,0.1,0.1,9.0,10.25,0.0,0.0,0.1276595744680851,0.1,0.1,0.06,3.0,8.090909090909092,0.0,0.0,0.0851063829787234,0.0,0.05,0.14,18.0,9.0,0.0,0.0,0.06382978723404255,0.1,0.1,0.06,8.0,16.6,0.0,0.0,0.11702127659574468,0.0,0.05,0.16,16.0,7.2,0.0,0.0,0.09574468085106383,0.1,0.05,0.08,4.0,10.625,0.0,0.0,0.1276595744680851,0.1,0.1,0.14,7.0,7.7272727272727275,0.0,0.0,0.06382978723404255,0.0,0.05,0.04,14.0,15.2,0.0,0.0,103.0,2.0,34.0,2.0,1.0,1.0,1.0,94.0,3.0,25.0,2.0,0,0,0,0,0,0,0,0,0,0,0,0,1,0,0,1,0,0,0,0,0,0,0,0,0,0,0,0,0,0,1,0,0,0,0,0,0,0,0,0,1,0,1,0,0,0,0,0
2026-04-01,0.17894736842105263,0.3,0.2,0.18,6.0,5.125,0.0,0.0,0.07368421052631578,0.1,0.1,0.06,4.0,13.166666666666666,0.0,0.0,0.09473684210526316,0.1,0.15,0.1,3.0,8.625,0.0,0.0,0.21052631578947367,0.4,0.3,0.22,1.0,4.842105263157895,0.0,1.0,0.11578947368421053,0.2,0.2,0.14,1.0,9.0,0.0,1.0,0.15789473684210525,0.2,0.3,0.2,6.0,6.071428571428571,0.0,0.0,0.10526315789473684,0.2,0.2,0.08,7.0,9.555555555555555,0.0,0.0,0.10526315789473684,0.1,0.1,0.1,3.0,10.0,0.0,0.0,0.06315789473684211,0.1,0.05,0.12,3.0,8.0,0.0,0.0,0.11578947368421053,0.2,0.1,0.1,2.0,8.4,0.0,0.0,0.11578947368421053,0.0,0.1,0.18,11.0,7.4,0.0,0.0,0.07368421052631578,0.0,0.05,0.06,16.0,10.333333333333334,0.0,0.0,0.08421052631578947,0.2,0.15,0.08,0.0,10.285714285714286,1.0,1.0,0.09473684210526316,0.1,0.1,0.1,8.0,8.875,0.0,0.0,0.031578947368421054,0.0,0.0,0.06,29.0,8.0,0.0,0.0,0.12631578947368421,0.1,0.15,0.12,0.0,8.545454545454545,1.0,1.0,0.08421052631578947,0.0,0.0,0.06,24.0,8.571428571428571,0.0,0.0,0.08421052631578947,0.0,0.05,0.08,15.0,10.714285714285714,0.0,0.0,0.08421052631578947,0.0,0.1,0.1,13.0,10.714285714285714,0.0,0.0,0.11578947368421053,0.0,0.15,0.08,10.0,6.3,0.0,0.0,0.05263157894736842,0.0,0.0,0.02,20.0,18.5,0.0,0.0,0.10526315789473684,0.0,0.0,0.08,30.0,6.111111111111111,0.0,0.0,0.07368421052631578,0.1,0.05,0.06,1.0,13.0,0.0,1.0,0.1368421052631579,0.2,0.2,0.1,8.0,7.0,0.0,0.0,0.14736842105263157,0.0,0.15,0.16,12.0,5.923076923076923,0.0,0.0,0.11578947368421053,0.3,0.2,0.14,2.0,8.5,0.0,0.0,0.12631578947368421,0.0,0.0,0.14,20.0,6.545454545454546,0.0,0.0,0.09473684210526316,0.2,0.15,0.08,2.0,9.75,0.0,0.0,0.11578947368421053,0.2,0.1,0.14,2.0,7.0,0.0,0.0,0.07368421052631578,0.0,0.0,0.08,26.0,8.0,0.0,0.0,0.14736842105263157,0.2,0.1,0.14,0.0,7.230769230769231,1.0,1.0,0.10526315789473684,0.1,0.1,0.14,7.0,7.777777777777778,0.0,0.0,0.11578947368421053,0.2,0.1,0.06,1.0,9.3,0.0,1.0,0.1368421052631579,0.3,0.2,0.16,2.0,7.5,0.0,0.0,0.09473684210526316,0.0,0.05,0.08,17.0,9.625,0.0,0.0,0.1368421052631579,0.0,0.0,0.12,21.0,5.75,0.0,0.0,0.08421052631578947,0.1,0.05,0.06,5.0,12.142857142857142,0.0,0.0,0.05263157894736842,0.2,0.1,0.06,1.0,18.5,0.0,1.0,0.07368421052631578,0.0,0.05,0.08,17.0,9.0,0.0,0.0,0.10526315789473684,0.0,0.15,0.08,11.0,7.777777777777778,0.0,0.0,0.10526315789473684,0.1,0.15,0.12,0.0,10.222222222222221,1.0,1.0,0.12631578947368421,0.1,0.1,0.06,4.0,8.090909090909092,0.0,0.0,0.09473684210526316,0.1,0.1,0.16,0.0,10.25,1.0,1.0,0.06315789473684211,0.1,0.1,0.06,9.0,16.6,0.0,0.0,0.11578947368421053,0.0,0.05,0.14,17.0,7.2,0.0,0.0,0.09473684210526316,0.1,0.05,0.08,5.0,10.625,0.0,0.0,0.12631578947368421,0.1,0.1,0.14,8.0,7.7272727272727275,0.0,0.0,0.06315789473684211,0.0,0.05,0.04,15.0,15.2,0.0,0.0,144.0,1.0,30.0,0.0,2.0,1.0,2.0,95.0,3.0,29.0,6.0,0,0,0,0,0,0,0,1,0,0,0,0,0,0,0,1,0,0,0,0,0,1,0,0,0,1,0,0,0,0,1,0,0,0,0,0,0,0,0,0,0,0,0,0,0,0,0,0
2026-04-06,0.17708333333333334,0.2,0.2,0.18,7.0,5.125,0.0,0.0,0.07291666666666667,0.1,0.1,0.06,5.0,13.166666666666666,0.0,0.0,0.09375,0.1,0.15,0.1,4.0,8.625,0.0,0.0,0.20833333333333334,0.4,0.3,0.22,2.0,4.842105263157895,0.0,0.0,0.11458333333333333,0.2,0.15,0.14,2.0,9.0,0.0,0.0,0.15625,0.1,0.3,0.2,7.0,6.071428571428571,0.0,0.0,0.10416666666666667,0.2,0.2,0.08,8.0,9.555555555555555,0.0,0.0,0.11458333333333333,0.2,0.15,0.1,0.0,9.4,1.0,1.0,0.0625,0.1,0.05,0.12,4.0,8.0,0.0,0.0,0.11458333333333333,0.2,0.1,0.1,3.0,8.4,0.0,0.0,0.11458333333333333,0.0,0.1,0.18,12.0,7.4,0.0,0.0,0.07291666666666667,0.0,0.05,0.06,17.0,10.333333333333334,0.0,0.0,0.08333333333333333,0.2,0.15,0.08,1.0,10.285714285714286,0.0,1.0,0.09375,0.1,0.05,0.1,9.0,8.875,0.0,0.0,0.03125,0.0,0.0,0.06,30.0,8.0,0.0,0.0,0.13541666666666666,0.2,0.2,0.14,0.0,7.916666666666667,1.0,1.0,0.08333333333333333,0.0,0.0,0.06,25.0,8.571428571428571,0.0,0.0,0.08333333333333333,0.0,0.05,0.08,16.0,10.714285714285714,0.0,0.0,0.08333333333333333,0.0,0.1,0.1,14.0,10.714285714285714,0.0,0.0,0.11458333333333333,0.0,0.1,0.08,11.0,6.3,0.0,0.0,0.052083333333333336,0.0,0.0,0.02,21.0,18.5,0.0,0.0,0.11458333333333333,0.1,0.05,0.1,0.0,8.6,1.0,1.0,0.07291666666666667,0.1,0.05,0.06,2.0,13.0,0.0,0.0,0.13541666666666666,0.1,0.2,0.1,9.0,7.0,0.0,0.0,0.14583333333333334,0.0,0.15,0.16,13.0,5.923076923076923,0.0,0.0,0.125,0.4,0.25,0.16,0.0,8.0,1.0,1.0,0.125,0.0,0.0,0.14,21.0,6.545454545454546,0.0,0.0,0.09375,0.2,0.15,0.08,3.0,9.75,0.0,0.0,0.11458333333333333,0.2,0.1,0.14,3.0,7.0,0.0,0.0,0.07291666666666667,0.0,0.0,0.08,27.0,8.0,0.0,0.0,0.15625,0.3,0.15,0.16,0.0,6.785714285714286,1.0,1.0,0.10416666666666667,0.1,0.1,0.12,8.0,7.777777777777778,0.0,0.0,0.11458333333333333,0.2,0.1,0.06,2.0,9.3,0.0,0.0,0.13541666666666666,0.2,0.2,0.16,3.0,7.5,0.0,0.0,0.09375,0.0,0.05,0.08,18.0,9.625,0.0,0.0,0.13541666666666666,0.0,0.0,0.12,22.0,5.75,0.0,0.0,0.08333333333333333,0.1,0.05,0.06,6.0,12.142857142857142,0.0,0.0,0.052083333333333336,0.2,0.1,0.06,2.0,18.5,0.0,0.0,0.07291666666666667,0.0,0.05,0.08,18.0,9.0,0.0,0.0,0.10416666666666667,0.0,0.1,0.08,12.0,7.777777777777778,0.0,0.0,0.10416666666666667,0.1,0.15,0.12,1.0,10.222222222222221,0.0,1.0,0.125,0.1,0.1,0.06,5.0,8.090909090909092,0.0,0.0,0.09375,0.1,0.05,0.16,1.0,10.25,0.0,1.0,0.0625,0.0,0.1,0.06,10.0,16.6,0.0,0.0,0.11458333333333333,0.0,0.05,0.12,18.0,7.2,0.0,0.0,0.09375,0.1,0.05,0.08,6.0,10.625,0.0,0.0,0.125,0.1,0.1,0.12,9.0,7.7272727272727275,0.0,0.0,0.0625,0.0,0.05,0.02,16.0,15.2,0.0,0.0,103.0,4.0,23.0,1.0,2.0,2.0,0.0,96.0,4.0,1.0,2.0,0,0,0,0,0,0,0,1,0,0,0,0,0,0,0,0,0,0,0,0,0,1,0,0,0,0,0,0,0,0,0,0,0,0,0,1,0,0,0,0,0,0,0,0,1,0,0,1
2026-04-09,0.17525773195876287,0.2,0.15,0.18,8.0,5.125,0.0,0.0,0.07216494845360824,0.1,0.1,0.06,6.0,13.166666666666666,0.0,0.0,0.09278350515463918,0.1,0.1,0.1,5.0,8.625,0.0,0.0,0.20618556701030927,0.3,0.25,0.2,3.0,4.842105263157895,0.0,0.0,0.1134020618556701,0.2,0.15,0.14,3.0,9.0,0.0,0.0,0.15463917525773196,0.1,0.3,0.2,8.0,6.071428571428571,0.0,0.0,0.10309278350515463,0.1,0.2,0.08,9.0,9.555555555555555,0.0,0.0,0.12371134020618557,0.3,0.2,0.12,0.0,8.636363636363637,1.0,1.0,0.061855670103092786,0.1,0.05,0.12,5.0,8.0,0.0,0.0,0.1134020618556701,0.2,0.1,0.1,4.0,8.4,0.0,0.0,0.1134020618556701,0.0,0.1,0.18,13.0,7.4,0.0,0.0,0.07216494845360824,0.0,0.05,0.06,18.0,10.333333333333334,0.0,0.0,0.08247422680412371,0.2,0.15,0.08,2.0,10.285714285714286,0.0,0.0,0.09278350515463918,0.0,0.05,0.1,10.0,8.875,0.0,0.0,0.030927835051546393,0.0,0.0,0.06,31.0,8.0,0.0,0.0,0.13402061855670103,0.2,0.2,0.14,1.0,7.916666666666667,0.0,1.0,0.08247422680412371,0.0,0.0,0.06,26.0,8.571428571428571,0.0,0.0,0.08247422680412371,0.0,0.05,0.08,17.0,10.714285714285714,0.0,0.0,0.08247422680412371,0.0,0.1,0.08,15.0,10.714285714285714,0.0,0.0,0.1134020618556701,0.0,0.1,0.08,12.0,6.3,0.0,0.0,0.05154639175257732,0.0,0.0,0.02,22.0,18.5,0.0,0.0,0.12371134020618557,0.2,0.1,0.1,0.0,7.909090909090909,1.0,1.0,0.07216494845360824,0.1,0.05,0.06,3.0,13.0,0.0,0.0,0.13402061855670103,0.0,0.2,0.1,10.0,7.0,0.0,0.0,0.14432989690721648,0.0,0.1,0.16,14.0,5.923076923076923,0.0,0.0,0.12371134020618557,0.4,0.25,0.14,1.0,8.0,0.0,1.0,0.12371134020618557,0.0,0.0,0.14,22.0,6.545454545454546,0.0,0.0,0.09278350515463918,0.2,0.15,0.08,4.0,9.75,0.0,0.0,0.1134020618556701,0.2,0.1,0.14,4.0,7.0,0.0,0.0,0.07216494845360824,0.0,0.0,0.08,28.0,8.0,0.0,0.0,0.15463917525773196,0.3,0.15,0.16,1.0,6.785714285714286,0.0,1.0,0.10309278350515463,0.1,0.05,0.12,9.0,7.777777777777778,0.0,0.0,0.1134020618556701,0.2,0.1,0.06,3.0,9.3,0.0,0.0,0.13402061855670103,0.2,0.2,0.16,4.0,7.5,0.0,0.0,0.09278350515463918,0.0,0.05,0.08,19.0,9.625,0.0,0.0,0.14432989690721648,0.1,0.05,0.14,0.0,7.076923076923077,1.0,1.0,0.08247422680412371,0.1,0.05,0.04,7.0,12.142857142857142,0.0,0.0,0.05154639175257732,0.2,0.1,0.06,3.0,18.5,0.0,0.0,0.07216494845360824,0.0,0.05,0.08,19.0,9.0,0.0,0.0,0.10309278350515463,0.0,0.1,0.08,13.0,7.777777777777778,0.0,0.0,0.10309278350515463,0.1,0.15,0.12,2.0,10.222222222222221,0.0,0.0,0.12371134020618557,0.1,0.1,0.06,6.0,8.090909090909092,0.0,0.0,0.09278350515463918,0.1,0.05,0.16,2.0,10.25,0.0,0.0,0.061855670103092786,0.0,0.1,0.06,11.0,16.6,0.0,0.0,0.12371134020618557,0.1,0.1,0.14,0.0,8.272727272727273,1.0,1.0,0.09278350515463918,0.1,0.05,0.08,7.0,10.625,0.0,0.0,0.12371134020618557,0.0,0.1,0.12,10.0,7.7272727272727275,0.0,0.0,0.07216494845360824,0.1,0.1,0.04,0.0,15.5,1.0,1.0,159.0,4.0,40.0,1.0,1.0,1.0,2.0,97.0,4.0,6.0,0.0,0,0,0,0,0,0,0,0,0,1,0,0,0,0,0,0,0,0,0,1,0,0,0,0,0,0,0,0,0,1,1,0,0,0,0,0,0,0,0,0,0,0,0,0,0,0,0,1
2026-04-12,0.17346938775510204,0.1,0.15,0.18,9.0,5.125,0.0,0.0,0.07142857142857142,0.1,0.1,0.06,7.0,13.166666666666666,0.0,0.0,0.09183673469387756,0.1,0.1,0.1,6.0,8.625,0.0,0.0,0.20408163265306123,0.2,0.25,0.2,4.0,4.842105263157895,0.0,0.0,0.11224489795918367,0.2,0.15,0.14,4.0,9.0,0.0,0.0,0.15306122448979592,0.1,0.3,0.2,9.0,6.071428571428571,0.0,0.0,0.10204081632653061,0.0,0.2,0.08,10.0,9.555555555555555,0.0,0.0,0.12244897959183673,0.3,0.2,0.12,1.0,8.636363636363637,0.0,1.0,0.061224489795918366,0.1,0.05,0.12,6.0,8.0,0.0,0.0,0.12244897959183673,0.3,0.15,0.12,0.0,8.090909090909092,1.0,1.0,0.11224489795918367,0.0,0.1,0.16,14.0,7.4,0.0,0.0,0.07142857142857142,0.0,0.05,0.06,19.0,10.333333333333334,0.0,0.0,0.08163265306122448,0.2,0.15,0.08,3.0,10.285714285714286,0.0,0.0,0.09183673469387756,0.0,0.05,0.1,11.0,8.875,0.0,0.0,0.030612244897959183,0.0,0.0,0.06,32.0,8.0,0.0,0.0,0.1326530612244898,0.2,0.2,0.14,2.0,7.916666666666667,0.0,0.0,0.08163265306122448,0.0,0.0,0.06,27.0,8.571428571428571,0.0,0.0,0.08163265306122448,0.0,0.05,0.08,18.0,10.714285714285714,0.0,0.0,0.08163265306122448,0.0,0.1,0.08,16.0,10.714285714285714,0.0,0.0,0.12244897959183673,0.1,0.15,0.1,0.0,6.909090909090909,1.0,1.0,0.05102040816326531,0.0,0.0,0.02,23.0,18.5,0.0,0.0,0.12244897959183673,0.2,0.1,0.1,1.0,7.909090909090909,0.0,1.0,0.07142857142857142,0.1,0.05,0.06,4.0,13.0,0.0,0.0,0.1326530612244898,0.0,0.15,0.1,11.0,7.0,0.0,0.0,0.14285714285714285,0.0,0.1,0.14,15.0,5.923076923076923,0.0,0.0,0.12244897959183673,0.4,0.25,0.14,2.0,8.0,0.0,0.0,0.12244897959183673,0.0,0.0,0.14,23.0,6.545454545454546,0.0,0.0,0.09183673469387756,0.1,0.15,0.08,5.0,9.75,0.0,0.0,0.11224489795918367,0.2,0.1,0.12,5.0,7.0,0.0,0.0,0.08163265306122448,0.1,0.05,0.1,0.0,11.0,1.0,1.0,0.16326530612244897,0.4,0.2,0.18,0.0,6.466666666666667,1.0,1.0,0.10204081632653061,0.0,0.05,0.1,10.0,7.777777777777778,0.0,0.0,0.11224489795918367,0.2,0.1,0.06,4.0,9.3,0.0,0.0,0.1326530612244898,0.2,0.2,0.16,5.0,7.5,0.0,0.0,0.09183673469387756,0.0,0.0,0.08,20.0,9.625,0.0,0.0,0.14285714285714285,0.1,0.05,0.12,1.0,7.076923076923077,0.0,1.0,0.08163265306122448,0.1,0.05,0.04,8.0,12.142857142857142,0.0,0.0,0.05102040816326531,0.2,0.1,0.06,4.0,18.5,0.0,0.0,0.07142857142857142,0.0,0.0,0.08,20.0,9.0,0.0,0.0,0.10204081632653061,0.0,0.1,0.08,14.0,7.777777777777778,0.0,0.0,0.10204081632653061,0.1,0.15,0.12,3.0,10.222222222222221,0.0,0.0,0.12244897959183673,0.1,0.1,0.06,7.0,8.090909090909092,0.0,0.0,0.09183673469387756,0.1,0.05,0.16,3.0,10.25,0.0,0.0,0.061224489795918366,0.0,0.1,0.06,12.0,16.6,0.0,0.0,0.12244897959183673,0.1,0.05,0.14,1.0,8.272727272727273,0.0,1.0,0.09183673469387756,0.1,0.05,0.08,8.0,10.625,0.0,0.0,0.12244897959183673,0.0,0.05,0.12,11.0,7.7272727272727275,0.0,0.0,0.08163265306122448,0.2,0.15,0.06,0.0,13.428571428571429,1.0,1.0,139.0,4.0,38.0,1.0,1.0,2.0,1.0,98.0,4.0,9.0,3.0,0,0,0,0,0,1,0,0,0,0,1,0,0,1,0,0,0,0,0,0,0,0,1,0,0,0,0,0,0,0,0,0,0,0,0,1,0,0,0,0,0,0,0,0,0,0,0,0
2026-04-15,0.1717171717171717,0.0,0.15,0.18,10.0,5.125,0.0,0.0,0.0707070707070707,0.1,0.1,0.06,8.0,13.166666666666666,0.0,0.0,0.09090909090909091,0.1,0.1,0.1,7.0,8.625,0.0,0.0,0.20202020202020202,0.2,0.25,0.2,5.0,4.842105263157895,0.0,0.0,0.1111111111111111,0.2,0.15,0.14,5.0,9.0,0.0,0.0,0.16161616161616163,0.1,0.3,0.22,0.0,6.333333333333333,1.0,1.0,0.10101010101010101,0.0,0.2,0.08,11.0,9.555555555555555,0.0,0.0,0.12121212121212122,0.3,0.2,0.12,2.0,8.636363636363637,0.0,0.0,0.06060606060606061,0.1,0.05,0.12,7.0,8.0,0.0,0.0,0.12121212121212122,0.2,0.15,0.1,1.0,8.090909090909092,0.0,1.0,0.12121212121212122,0.1,0.15,0.16,0.0,8.090909090909092,1.0,1.0,0.0707070707070707,0.0,0.0,0.06,20.0,10.333333333333334,0.0,0.0,0.08080808080808081,0.1,0.15,0.08,4.0,10.285714285714286,0.0,0.0,0.10101010101010101,0.1,0.1,0.12,0.0,9.222222222222221,1.0,1.0,0.030303030303030304,0.0,0.0,0.06,33.0,8.0,0.0,0.0,0.13131313131313133,0.2,0.15,0.14,3.0,7.916666666666667,0.0,0.0,0.08080808080808081,0.0,0.0,0.04,28.0,8.571428571428571,0.0,0.0,0.08080808080808081,0.0,0.05,0.06,19.0,10.714285714285714,0.0,0.0,0.08080808080808081,0.0,0.05,0.08,17.0,10.714285714285714,0.0,0.0,0.12121212121212122,0.1,0.15,0.1,1.0,6.909090909090909,0.0,1.0,0.050505050505050504,0.0,0.0,0.02,24.0,18.5,0.0,0.0,0.12121212121212122,0.2,0.1,0.1,2.0,7.909090909090909,0.0,0.0,0.08080808080808081,0.2,0.1,0.08,0.0,11.857142857142858,1.0,1.0,0.13131313131313133,0.0,0.15,0.1,12.0,7.0,0.0,0.0,0.1414141414141414,0.0,0.05,0.12,16.0,5.923076923076923,0.0,0.0,0.12121212121212122,0.4,0.25,0.14,3.0,8.0,0.0,0.0,0.12121212121212122,0.0,0.0,0.14,24.0,6.545454545454546,0.0,0.0,0.09090909090909091,0.1,0.15,0.08,6.0,9.75,0.0,0.0,0.1111111111111111,0.2,0.1,0.12,6.0,7.0,0.0,0.0,0.08080808080808081,0.1,0.05,0.1,1.0,11.0,0.0,1.0,0.16161616161616163,0.4,0.2,0.18,1.0,6.466666666666667,0.0,1.0,0.10101010101010101,0.0,0.05,0.1,11.0,7.777777777777778,0.0,0.0,0.1111111111111111,0.2,0.1,0.06,5.0,9.3,0.0,0.0,0.13131313131313133,0.1,0.2,0.16,6.0,7.5,0.0,0.0,0.09090909090909091,0.0,0.0,0.08,21.0,9.625,0.0,0.0,0.15151515151515152,0.2,0.1,0.14,0.0,6.714285714285714,1.0,1.0,0.08080808080808081,0.1,0.05,0.04,9.0,12.142857142857142,0.0,0.0,0.050505050505050504,0.2,0.1,0.06,5.0,18.5,0.0,0.0,0.0707070707070707,0.0,0.0,0.08,21.0,9.0,0.0,0.0,0.10101010101010101,0.0,0.1,0.08,15.0,7.777777777777778,0.0,0.0,0.10101010101010101,0.1,0.15,0.12,4.0,10.222222222222221,0.0,0.0,0.12121212121212122,0.1,0.1,0.06,8.0,8.090909090909092,0.0,0.0,0.09090909090909091,0.1,0.05,0.16,4.0,10.25,0.0,0.0,0.06060606060606061,0.0,0.1,0.06,13.0,16.6,0.0,0.0,0.12121212121212122,0.1,0.05,0.14,2.0,8.272727272727273,0.0,0.0,0.09090909090909091,0.1,0.05,0.08,9.0,10.625,0.0,0.0,0.12121212121212122,0.0,0.05,0.12,12.0,7.7272727272727275,0.0,0.0,0.08080808080808081,0.2,0.15,0.06,1.0,13.428571428571429,0.0,1.0,90.0,3.0,30.0,2.0,2.0,1.0,0.0,99.0,4.0,12.0,6.0,0,0,0,1,0,0,1,0,0,0,0,0,0,0,1,0,0,1,0,0,0,0,0,0,0,0,0,0,0,0,0,0,0,0,0,0,0,0,0,0,0,0,0,0,0,0,1,0
2026-04-20,0.17,0.0,0.15,0.18,11.0,5.125,0.0,0.0,0.07,0.1,0.1,0.06,9.0,13.166666666666666,0.0,0.0,0.09,0.1,0.1,0.08,8.0,8.625,0.0,0.0,0.21,0.3,0.3,0.22,0.0,4.9,1.0,1.0,0.11,0.1,0.15,0.14,6.0,9.0,0.0,0.0,0.16,0.1,0.3,0.22,1.0,6.333333333333333,0.0,1.0,0.11,0.1,0.2,0.1,0.0,9.8,1.0,1.0,0.12,0.3,0.2,0.12,3.0,8.636363636363637,0.0,0.0,0.06,0.1,0.05,0.12,8.0,8.0,0.0,0.0,0.12,0.2,0.15,0.1,2.0,8.090909090909092,0.0,0.0,0.12,0.1,0.15,0.14,1.0,8.090909090909092,0.0,1.0,0.07,0.0,0.0,0.04,21.0,10.333333333333334,0.0,0.0,0.08,0.1,0.15,0.08,5.0,10.285714285714286,0.0,0.0,0.1,0.1,0.1,0.1,1.0,9.222222222222221,0.0,1.0,0.04,0.1,0.05,0.06,0.0,16.666666666666668,1.0,1.0,0.13,0.2,0.15,0.14,4.0,7.916666666666667,0.0,0.0,0.08,0.0,0.0,0.04,29.0,8.571428571428571,0.0,0.0,0.09,0.1,0.05,0.08,0.0,11.875,1.0,1.0,0.08,0.0,0.05,0.08,18.0,10.714285714285714,0.0,0.0,0.12,0.1,0.15,0.1,2.0,6.909090909090909,0.0,0.0,0.05,0.0,0.0,0.02,25.0,18.5,0.0,0.0,0.12,0.2,0.1,0.1,3.0,7.909090909090909,0.0,0.0,0.08,0.2,0.1,0.08,1.0,11.857142857142858,0.0,1.0,0.13,0.0,0.15,0.1,13.0,7.0,0.0,0.0,0.14,0.0,0.05,0.12,17.0,5.923076923076923,0.0,0.0,0.12,0.3,0.25,0.14,4.0,8.0,0.0,0.0,0.12,0.0,0.0,0.14,25.0,6.545454545454546,0.0,0.0,0.09,0.1,0.15,0.08,7.0,9.75,0.0,0.0,0.11,0.2,0.1,0.12,7.0,7.0,0.0,0.0,0.08,0.1,0.05,0.1,2.0,11.0,0.0,0.0,0.16,0.3,0.2,0.18,2.0,6.466666666666667,0.0,0.0,0.1,0.0,0.05,0.1,12.0,7.777777777777778,0.0,0.0,0.11,0.2,0.1,0.06,6.0,9.3,0.0,0.0,0.13,0.1,0.2,0.16,7.0,7.5,0.0,0.0,0.09,0.0,0.0,0.08,22.0,9.625,0.0,0.0,0.15,0.2,0.1,0.14,1.0,6.714285714285714,0.0,1.0,0.08,0.0,0.05,0.04,10.0,12.142857142857142,0.0,0.0,0.05,0.2,0.1,0.06,6.0,18.5,0.0,0.0,0.07,0.0,0.0,0.08,22.0,9.0,0.0,0.0,0.1,0.0,0.1,0.08,16.0,7.777777777777778,0.0,0.0,0.1,0.1,0.15,0.12,5.0,10.222222222222221,0.0,0.0,0.12,0.1,0.05,0.06,9.0,8.090909090909092,0.0,0.0,0.09,0.1,0.05,0.16,5.0,10.25,0.0,0.0,0.06,0.0,0.05,0.06,14.0,16.6,0.0,0.0,0.12,0.1,0.05,0.14,3.0,8.272727272727273,0.0,0.0,0.09,0.0,0.05,0.08,10.0,10.625,0.0,0.0,0.13,0.1,0.1,0.14,0.0,8.166666666666666,1.0,1.0,0.08,0.2,0.1,0.06,2.0,13.428571428571429,0.0,0.0,91.0,2.0,43.0,2.0,2.0,0.0,1.0,100.0,4.0,15.0,2.0,0,0,0,0,0,0,0,0,0,0,0,0,0,0,0,0,0,1,0,0,0,0,0,0,1,0,0,0,0,0,0,0,0,0,0,0,0,0,0,1,0,1,0,1,0,0,0,0
2026-04-23,0.16831683168316833,0.0,0.15,0.18,12.0,5.125,0.0,0.0,0.06930693069306931,0.0,0.1,0.06,10.0,13.166666666666666,0.0,0.0,0.0891089108910891,0.1,0.1,0.08,9.0,8.625,0.0,0.0,0.2079207920792079,0.2,0.3,0.22,1.0,4.9,0.0,1.0,0.10891089108910891,0.1,0.15,0.14,7.0,9.0,0.0,0.0,0.15841584158415842,0.1,0.25,0.22,2.0,6.333333333333333,0.0,0.0,0.10891089108910891,0.1,0.2,0.1,1.0,9.8,0.0,1.0,0.1188118811881188,0.3,0.2,0.12,4.0,8.636363636363637,0.0,0.0,0.0594059405940594,0.1,0.05,0.12,9.0,8.0,0.0,0.0,0.1188118811881188,0.2,0.15,0.1,3.0,8.090909090909092,0.0,0.0,0.1188118811881188,0.1,0.1,0.12,2.0,8.090909090909092,0.0,0.0,0.06930693069306931,0.0,0.0,0.04,22.0,10.333333333333334,0.0,0.0,0.07920792079207921,0.1,0.15,0.08,6.0,10.285714285714286,0.0,0.0,0.09900990099009901,0.1,0.1,0.1,2.0,9.222222222222221,0.0,0.0,0.039603960396039604,0.1,0.05,0.06,1.0,16.666666666666668,0.0,1.0,0.12871287128712872,0.2,0.1,0.14,5.0,7.916666666666667,0.0,0.0,0.07920792079207921,0.0,0.0,0.04,30.0,8.571428571428571,0.0,0.0,0.09900990099009901,0.2,0.1,0.1,0.0,10.666666666666666,1.0,1.0,0.07920792079207921,0.0,0.05,0.08,19.0,10.714285714285714,0.0,0.0,0.1188118811881188,0.1,0.15,0.1,3.0,6.909090909090909,0.0,0.0,0.04950495049504951,0.0,0.0,0.02,26.0,18.5,0.0,0.0,0.1188118811881188,0.2,0.1,0.1,4.0,7.909090909090909,0.0,0.0,0.07920792079207921,0.2,0.1,0.08,2.0,11.857142857142858,0.0,0.0,0.12871287128712872,0.0,0.15,0.1,14.0,7.0,0.0,0.0,0.1485148514851485,0.1,0.1,0.14,0.0,6.785714285714286,1.0,1.0,0.1188118811881188,0.3,0.2,0.14,5.0,8.0,0.0,0.0,0.1188118811881188,0.0,0.0,0.14,26.0,6.545454545454546,0.0,0.0,0.0891089108910891,0.1,0.15,0.08,8.0,9.75,0.0,0.0,0.10891089108910891,0.1,0.1,0.12,8.0,7.0,0.0,0.0,0.07920792079207921,0.1,0.05,0.08,3.0,11.0,0.0,0.0,0.15841584158415842,0.3,0.2,0.16,3.0,6.466666666666667,0.0,0.0,0.09900990099009901,0.0,0.05,0.1,13.0,7.777777777777778,0.0,0.0,0.10891089108910891,0.1,0.1,0.06,7.0,9.3,0.0,0.0,0.12871287128712872,0.1,0.15,0.16,8.0,7.5,0.0,0.0,0.0891089108910891,0.0,0.0,0.08,23.0,9.625,0.0,0.0,0.1485148514851485,0.2,0.1,0.14,2.0,6.714285714285714,0.0,0.0,0.07920792079207921,0.0,0.05,0.02,11.0,12.142857142857142,0.0,0.0,0.04950495049504951,0.2,0.1,0.06,7.0,18.5,0.0,0.0,0.06930693069306931,0.0,0.0,0.08,23.0,9.0,0.0,0.0,0.10891089108910891,0.1,0.15,0.1,0.0,8.7,1.0,1.0,0.09900990099009901,0.1,0.15,0.12,6.0,10.222222222222221,0.0,0.0,0.12871287128712872,0.1,0.1,0.08,0.0,8.25,1.0,1.0,0.0891089108910891,0.1,0.05,0.16,6.0,10.25,0.0,0.0,0.06930693069306931,0.1,0.1,0.08,0.0,16.333333333333332,1.0,1.0,0.1188118811881188,0.1,0.05,0.14,4.0,8.272727272727273,0.0,0.0,0.0891089108910891,0.0,0.05,0.06,11.0,10.625,0.0,0.0,0.12871287128712872,0.1,0.1,0.14,1.0,8.166666666666666,0.0,1.0,0.07920792079207921,0.2,0.1,0.06,3.0,13.428571428571429,0.0,0.0,169.0,4.0,26.0,0.0,1.0,1.0,3.0,101.0,4.0,20.0,0.0,0,1,0,0,0,0,1,1,0,0,0,0,0,0,0,0,0,0,0,0,0,0,0,0,0,0,0,0,1,0,0,0,1,0,0,0,0,0,0,0,0,0,0,0,0,0,0,0
2026-04-26,0.16666666666666666,0.0,0.15,0.18,13.0,5.125,0.0,0.0,0.0784313725490196,0.1,0.1,0.08,0.0,12.857142857142858,1.0,1.0,0.08823529411764706,0.0,0.1,0.08,10.0,8.625,0.0,0.0,0.20588235294117646,0.2,0.3,0.22,2.0,4.9,0.0,0.0,0.10784313725490197,0.1,0.15,0.14,8.0,9.0,0.0,0.0,0.1568627450980392,0.1,0.25,0.22,3.0,6.333333333333333,0.0,0.0,0.11764705882352941,0.2,0.25,0.12,0.0,9.090909090909092,1.0,1.0,0.12745098039215685,0.3,0.25,0.14,0.0,8.333333333333334,1.0,1.0,0.058823529411764705,0.0,0.05,0.1,10.0,8.0,0.0,0.0,0.11764705882352941,0.2,0.15,0.1,4.0,8.090909090909092,0.0,0.0,0.11764705882352941,0.1,0.1,0.12,3.0,8.090909090909092,0.0,0.0,0.06862745098039216,0.0,0.0,0.04,23.0,10.333333333333334,0.0,0.0,0.0784313725490196,0.1,0.15,0.08,7.0,10.285714285714286,0.0,0.0,0.09803921568627451,0.1,0.1,0.1,3.0,9.222222222222221,0.0,0.0,0.0392156862745098,0.1,0.05,0.06,2.0,16.666666666666668,0.0,0.0,0.12745098039215685,0.2,0.1,0.14,6.0,7.916666666666667,0.0,0.0,0.0784313725490196,0.0,0.0,0.04,31.0,8.571428571428571,0.0,0.0,0.09803921568627451,0.2,0.1,0.1,1.0,10.666666666666666,0.0,1.0,0.0784313725490196,0.0,0.0,0.06,20.0,10.714285714285714,0.0,0.0,0.11764705882352941,0.1,0.1,0.1,4.0,6.909090909090909,0.0,0.0,0.049019607843137254,0.0,0.0,0.02,27.0,18.5,0.0,0.0,0.11764705882352941,0.2,0.1,0.1,5.0,7.909090909090909,0.0,0.0,0.0784313725490196,0.2,0.1,0.08,3.0,11.857142857142858,0.0,0.0,0.12745098039215685,0.0,0.1,0.1,15.0,7.0,0.0,0.0,0.14705882352941177,0.1,0.1,0.12,1.0,6.785714285714286,0.0,1.0,0.11764705882352941,0.2,0.2,0.14,6.0,8.0,0.0,0.0,0.11764705882352941,0.0,0.0,0.14,27.0,6.545454545454546,0.0,0.0,0.08823529411764706,0.1,0.15,0.08,9.0,9.75,0.0,0.0,0.11764705882352941,0.2,0.15,0.14,0.0,7.181818181818182,1.0,1.0,0.0784313725490196,0.1,0.05,0.08,4.0,11.0,0.0,0.0,0.1568627450980392,0.3,0.2,0.14,4.0,6.466666666666667,0.0,0.0,0.09803921568627451,0.0,0.05,0.1,14.0,7.777777777777778,0.0,0.0,0.11764705882352941,0.2,0.15,0.08,0.0,9.181818181818182,1.0,1.0,0.12745098039215685,0.1,0.15,0.16,9.0,7.5,0.0,0.0,0.08823529411764706,0.0,0.0,0.08,24.0,9.625,0.0,0.0,0.14705882352941177,0.2,0.1,0.14,3.0,6.714285714285714,0.0,0.0,0.0784313725490196,0.0,0.05,0.02,12.0,12.142857142857142,0.0,0.0,0.049019607843137254,0.1,0.1,0.06,8.0,18.5,0.0,0.0,0.06862745098039216,0.0,0.0,0.08,24.0,9.0,0.0,0.0,0.10784313725490197,0.1,0.1,0.1,1.0,8.7,0.0,1.0,0.09803921568627451,0.1,0.15,0.12,7.0,10.222222222222221,0.0,0.0,0.12745098039215685,0.1,0.1,0.08,1.0,8.25,0.0,1.0,0.08823529411764706,0.1,0.05,0.14,7.0,10.25,0.0,0.0,0.06862745098039216,0.1,0.1,0.08,1.0,16.333333333333332,0.0,1.0,0.11764705882352941,0.1,0.05,0.14,5.0,8.272727272727273,0.0,0.0,0.08823529411764706,0.0,0.05,0.06,12.0,10.625,0.0,0.0,0.12745098039215685,0.1,0.1,0.14,2.0,8.166666666666666,0.0,0.0,0.0784313725490196,0.2,0.1,0.06,4.0,13.428571428571429,0.0,0.0,79.0,2.0,31.0,3.0,0.0,2.0,0.0,102.0,4.0,23.0,3.0,0,0,0,0,0,0,0,0,0,0,1,1,0,0,0,0,0,0,0,0,0,0,0,0,1,0,1,0,0,0,0,0,1,0,0,0,0,0,0,0,0,0,0,0,0,0,0,0
2026-04-29,0.1650485436893204,0.0,0.15,0.18,14.0,5.125,0.0,0.0,0.07766990291262135,0.1,0.1,0.08,1.0,12.857142857142858,0.0,1.0,0.08737864077669903,0.0,0.05,0.08,11.0,8.625,0.0,0.0,0.20388349514563106,0.2,0.3,0.22,3.0,4.9,0.0,0.0,0.10679611650485436,0.1,0.15,0.14,9.0,9.0,0.0,0.0,0.1553398058252427,0.1,0.2,0.22,4.0,6.333333333333333,0.0,0.0,0.11650485436893204,0.2,0.25,0.12,1.0,9.090909090909092,0.0,1.0,0.1262135922330097,0.3,0.25,0.14,1.0,8.333333333333334,0.0,1.0,0.05825242718446602,0.0,0.05,0.08,11.0,8.0,0.0,0.0,0.11650485436893204,0.1,0.15,0.1,5.0,8.090909090909092,0.0,0.0,0.1262135922330097,0.2,0.15,0.14,0.0,7.75,1.0,1.0,0.07766990291262135,0.1,0.05,0.06,0.0,12.285714285714286,1.0,1.0,0.07766990291262135,0.1,0.15,0.08,8.0,10.285714285714286,0.0,0.0,0.0970873786407767,0.1,0.1,0.08,4.0,9.222222222222221,0.0,0.0,0.038834951456310676,0.1,0.05,0.06,3.0,16.666666666666668,0.0,0.0,0.1262135922330097,0.2,0.1,0.14,7.0,7.916666666666667,0.0,0.0,0.07766990291262135,0.0,0.0,0.04,32.0,8.571428571428571,0.0,0.0,0.0970873786407767,0.2,0.1,0.08,2.0,10.666666666666666,0.0,0.0,0.07766990291262135,0.0,0.0,0.06,21.0,10.714285714285714,0.0,0.0,0.11650485436893204,0.1,0.1,0.1,5.0,6.909090909090909,0.0,0.0,0.04854368932038835,0.0,0.0,0.02,28.0,18.5,0.0,0.0,0.11650485436893204,0.2,0.1,0.1,6.0,7.909090909090909,0.0,0.0,0.07766990291262135,0.2,0.1,0.08,4.0,11.857142857142858,0.0,0.0,0.1262135922330097,0.0,0.1,0.1,16.0,7.0,0.0,0.0,0.1553398058252427,0.2,0.1,0.14,0.0,6.466666666666667,1.0,1.0,0.11650485436893204,0.1,0.2,0.14,7.0,8.0,0.0,0.0,0.1262135922330097,0.1,0.05,0.16,0.0,8.333333333333334,1.0,1.0,0.08737864077669903,0.0,0.1,0.08,10.0,9.75,0.0,0.0,0.11650485436893204,0.1,0.15,0.14,1.0,7.181818181818182,0.0,1.0,0.07766990291262135,0.1,0.05,0.08,5.0,11.0,0.0,0.0,0.1553398058252427,0.3,0.2,0.14,5.0,6.466666666666667,0.0,0.0,0.0970873786407767,0.0,0.05,0.1,15.0,7.777777777777778,0.0,0.0,0.1262135922330097,0.3,0.2,0.1,0.0,8.5,1.0,1.0,0.1262135922330097,0.0,0.15,0.16,10.0,7.5,0.0,0.0,0.08737864077669903,0.0,0.0,0.08,25.0,9.625,0.0,0.0,0.14563106796116504,0.2,0.1,0.14,4.0,6.714285714285714,0.0,0.0,0.07766990291262135,0.0,0.05,0.02,13.0,12.142857142857142,0.0,0.0,0.04854368932038835,0.1,0.1,0.06,9.0,18.5,0.0,0.0,0.06796116504854369,0.0,0.0,0.06,25.0,9.0,0.0,0.0,0.10679611650485436,0.1,0.1,0.1,2.0,8.7,0.0,0.0,0.0970873786407767,0.1,0.1,0.1,8.0,10.222222222222221,0.0,0.0,0.1262135922330097,0.1,0.1,0.08,2.0,8.25,0.0,0.0,0.08737864077669903,0.1,0.05,0.14,8.0,10.25,0.0,0.0,0.06796116504854369,0.1,0.1,0.08,2.0,16.333333333333332,0.0,0.0,0.11650485436893204,0.1,0.05,0.14,6.0,8.272727272727273,0.0,0.0,0.08737864077669903,0.0,0.05,0.06,13.0,10.625,0.0,0.0,0.1262135922330097,0.1,0.1,0.14,3.0,8.166666666666666,0.0,0.0,0.07766990291262135,0.2,0.1,0.06,5.0,13.428571428571429,0.0,0.0,108.0,1.0,22.0,2.0,0.0,3.0,0.0,103.0,4.0,26.0,6.0,1,0,0,0,0,0,0,1,0,0,0,0,0,0,0,0,0,1,1,0,0,0,0,0,0,1,0,0,0,0,0,0,0,0,0,0,0,0,0,0,0,0,0,0,0,0,0,0
2026-05-04,0.17307692307692307,0.1,0.2,0.2,0.0,5.705882352941177,1.0,1.0,0.07692307692307693,0.1,0.1,0.08,2.0,12.857142857142858,0.0,0.0,0.08653846153846154,0.0,0.05,0.08,12.0,8.625,0.0,0.0,0.20192307692307693,0.1,0.3,0.22,4.0,4.9,0.0,0.0,0.10576923076923077,0.0,0.15,0.14,10.0,9.0,0.0,0.0,0.15384615384615385,0.1,0.2,0.22,5.0,6.333333333333333,0.0,0.0,0.11538461538461539,0.2,0.2,0.12,2.0,9.090909090909092,0.0,0.0,0.1346153846153846,0.4,0.25,0.16,0.0,7.846153846153846,1.0,1.0,0.057692307692307696,0.0,0.05,0.06,12.0,8.0,0.0,0.0,0.11538461538461539,0.1,0.15,0.1,6.0,8.090909090909092,0.0,0.0,0.125,0.2,0.1,0.14,1.0,7.75,0.0,1.0,0.07692307692307693,0.1,0.05,0.06,1.0,12.285714285714286,0.0,1.0,0.07692307692307693,0.1,0.1,0.08,9.0,10.285714285714286,0.0,0.0,0.09615384615384616,0.1,0.1,0.08,5.0,9.222222222222221,0.0,0.0,0.038461538461538464,0.1,0.05,0.06,4.0,16.666666666666668,0.0,0.0,0.125,0.2,0.1,0.12,8.0,7.916666666666667,0.0,0.0,0.07692307692307693,0.0,0.0,0.04,33.0,8.571428571428571,0.0,0.0,0.10576923076923077,0.3,0.15,0.1,0.0,9.9,1.0,1.0,0.08653846153846154,0.1,0.05,0.08,0.0,12.125,1.0,1.0,0.11538461538461539,0.1,0.1,0.1,6.0,6.909090909090909,0.0,0.0,0.04807692307692308,0.0,0.0,0.02,29.0,18.5,0.0,0.0,0.11538461538461539,0.2,0.1,0.1,7.0,7.909090909090909,0.0,0.0,0.07692307692307693,0.1,0.1,0.08,5.0,11.857142857142858,0.0,0.0,0.125,0.0,0.1,0.1,17.0,7.0,0.0,0.0,0.15384615384615385,0.2,0.1,0.14,1.0,6.466666666666667,0.0,1.0,0.125,0.2,0.25,0.14,0.0,8.0,1.0,1.0,0.125,0.1,0.05,0.16,1.0,8.333333333333334,0.0,1.0,0.08653846153846154,0.0,0.1,0.08,11.0,9.75,0.0,0.0,0.11538461538461539,0.1,0.15,0.14,2.0,7.181818181818182,0.0,0.0,0.07692307692307693,0.1,0.05,0.08,6.0,11.0,0.0,0.0,0.15384615384615385,0.3,0.2,0.14,6.0,6.466666666666667,0.0,0.0,0.09615384615384616,0.0,0.05,0.1,16.0,7.777777777777778,0.0,0.0,0.125,0.2,0.2,0.1,1.0,8.5,0.0,1.0,0.125,0.0,0.15,0.14,11.0,7.5,0.0,0.0,0.08653846153846154,0.0,0.0,0.08,26.0,9.625,0.0,0.0,0.14423076923076922,0.2,0.1,0.14,5.0,6.714285714285714,0.0,0.0,0.07692307692307693,0.0,0.05,0.02,14.0,12.142857142857142,0.0,0.0,0.04807692307692308,0.0,0.1,0.06,10.0,18.5,0.0,0.0,0.0673076923076923,0.0,0.0,0.06,26.0,9.0,0.0,0.0,0.10576923076923077,0.1,0.05,0.1,3.0,8.7,0.0,0.0,0.09615384615384616,0.1,0.1,0.1,9.0,10.222222222222221,0.0,0.0,0.125,0.1,0.1,0.08,3.0,8.25,0.0,0.0,0.08653846153846154,0.1,0.05,0.14,9.0,10.25,0.0,0.0,0.0673076923076923,0.1,0.1,0.08,3.0,16.333333333333332,0.0,0.0,0.11538461538461539,0.1,0.05,0.14,7.0,8.272727272727273,0.0,0.0,0.08653846153846154,0.0,0.05,0.04,14.0,10.625,0.0,0.0,0.125,0.1,0.1,0.14,4.0,8.166666666666666,0.0,0.0,0.07692307692307693,0.2,0.1,0.06,6.0,13.428571428571429,0.0,0.0,72.0,3.0,25.0,2.0,2.0,1.0,0.0,104.0,4.0,29.0,2.0,0,0,0,1,0,1,0,0,1,0,0,0,0,0,0,0,0,0,0,0,0,0,1,0,0,0,0,0,0,0,0,0,1,0,0,0,0,0,0,0,0,0,0,0,0,0,0,0
